obj_id,state,statefips,cbsa,cbsafips,cbsatyp,county,countyfips,mcd_ccd,mcdfips,place,placefips
15000485,CA,06,"San Francisco-Oakland-Hayward, CA",41860,Metro,San Mateo,06081,South San Francisco,93170,Pacifica,0654806
15000486,CA,06,"San Francisco-Oakland-Hayward, CA",41860,Metro,San Mateo,06081,San Mateo,92870,Portola Valley,0658380
15000487,CA,06,"San Francisco-Oakland-Hayward, CA",41860,Macro,San Mateo,06081,San Mateo,92870,Redwood City,0660102
15000489,CA,06,"San Francisco-Oakland-Hayward, CA",41860,Metro,San Mateo,06081,San Mateo,92870,San Carlos,0665070
15000490,CA,06,"San Francisco-Oakland-Hayward, CA",41860,Metro,San Francisco,06075,San Francisco,92790,San Francisco,0667000
15000491,CA,06,"San Francisco-Oakland-Hayward, CA",41860,Metro,San Francisco,06075,San Francisco,92790,San Francisco,0667000
15000492,CA,06,"San Francisco-Oakland-Hayward, CA",41860,Metro,San Francisco,06075,San Francisco,92790,San Francisco,0667000
15000493,CA,06,"San Francisco-Oakland-Hayward, CA",41860,Metro,San Francisco,06075,San Francisco,92790,San Francisco,0667000
15000494,CA,06,"San Francisco-Oakland-Hayward, CA",41860,Metro,San Francisco,06075,San Francisco,92790,San Francisco,0667000
15000495,CA,06,"San Francisco-Oakland-Hayward, CA",41860,Macro,San Francisco,06075,San Francisco,92790,San Francisco,0667000
15000496,CA,06,"San Francisco-Oakland-Hayward, CA",41860,Metro,San Francisco,06075,San Francisco,92790,San Francisco,0667000
15000497,CA,06,"San Francisco-Oakland-Hayward, CA",41860,Metro,San Francisco,06075,San Francisco,92790,San Francisco,0667000
15000498,CA,06,"San Francisco-Oakland-Hayward, CA",41860,Metro,San Francisco,06075,San Francisco,92790,San Francisco,0667000
15000499,CA,06,"San Francisco-Oakland-Hayward, CA",41860,Metro,San Francisco,06075,San Francisco,92790,San Francisco,0667000
15000500,CA,06,"San Francisco-Oakland-Hayward, CA",41860,Metro,San Francisco,06075,San Francisco,92790,San Francisco,0667000
15000501,CA,06,"San Francisco-Oakland-Hayward, CA",41860,Metro,San Francisco,06075,San Francisco,92790,San Francisco,0667000
15000502,CA,06,"San Francisco-Oakland-Hayward, CA",41860,Metro,San Francisco,06075,San Francisco,92790,San Francisco,0667000
15000503,CA,06,"San Francisco-Oakland-Hayward, CA",41860,Metro,San Francisco,06075,San Francisco,92790,San Francisco,0667000
15000504,CA,06,"San Francisco-Oakland-Hayward, CA",41860,Metro,San Francisco,06075,San Francisco,92790,San Francisco,0667000
15000505,CA,06,"San Francisco-Oakland-Hayward, CA",41860,Metro,San Francisco,06075,San Francisco,92790,San Francisco,0667000
15000506,CA,06,"San Francisco-Oakland-Hayward, CA",41860,Metro,San Francisco,06075,San Francisco,92790,San Francisco,0667000
15000507,CA,06,"San Francisco-Oakland-Hayward, CA",41860,Metro,San Francisco,06075,San Francisco,92790,San Francisco,0667000
15000508,CA,06,"San Francisco-Oakland-Hayward, CA",41860,Metro,San Francisco,06075,San Francisco,92790,San Francisco,0667000
15000509,CA,06,"San Francisco-Oakland-Hayward, CA",41860,Metro,San Francisco,06075,San Francisco,92790,San Francisco,0667000
15000510,CA,06,"San Francisco-Oakland-Hayward, CA",41860,Metro,San Francisco,06075,San Francisco,92790,San Francisco,0667000
15000511,CA,06,"San Francisco-Oakland-Hayward, CA",41860,Metro,San Francisco,06075,San Francisco,92790,San Francisco,0667000
15000512,CA,06,"San Francisco-Oakland-Hayward, CA",41860,Metro,San Francisco,06075,San Francisco,92790,San Francisco,0667000
15000513,CA,06,"San Francisco-Oakland-Hayward, CA",41860,Metro,San Francisco,06075,San Francisco,92790,San Francisco,0667000
15000514,CA,06,"San Francisco-Oakland-Hayward, CA",41860,Metro,San Francisco,06075,San Francisco,92790,San Francisco,0667000
15000515,CA,06,"San Francisco-Oakland-Hayward, CA",41860,Metro,San Francisco,06075,San Francisco,92790,San Francisco,0667000
15000516,CA,06,"San Francisco-Oakland-Hayward, CA",41860,Metro,San Francisco,06075,San Francisco,92790,San Francisco,0667000
15000517,CA,06,"San Francisco-Oakland-Hayward, CA",41860,Metro,San Francisco,06075,San Francisco,92790,San Francisco,0667000
15000518,CA,06,"San Francisco-Oakland-Hayward, CA",41860,Metro,San Francisco,06075,San Francisco,92790,San Francisco,0667000
15000519,CA,06,"San Francisco-Oakland-Hayward, CA",41860,Metro,San Francisco,06075,San Francisco,92790,San Francisco,0667000
15000520,CA,06,"San Francisco-Oakland-Hayward, CA",41860,Metro,San Francisco,06075,San Francisco,92790,San Francisco,0667000
15000521,CA,06,"San Francisco-Oakland-Hayward, CA",41860,Metro,San Francisco,06075,San Francisco,92790,San Francisco,0667000
15000522,CA,06,"San Francisco-Oakland-Hayward, CA",41860,Metro,San Francisco,06075,San Francisco,92790,San Francisco,0667000
15000523,CA,06,"San Francisco-Oakland-Hayward, CA",41860,Metro,San Mateo,06081,San Mateo,92870,San Mateo,0668252
15000524,CA,06,"San Francisco-Oakland-Hayward, CA",41860,Metro,San Mateo,06081,San Mateo,92870,San Mateo,0668252
15000525,CA,06,"San Francisco-Oakland-Hayward, CA",41860,Metro,San Mateo,06081,San Mateo,92870,San Mateo,0668252
15000526,CA,06,"San Francisco-Oakland-Hayward, CA",41860,Metro,San Mateo,06081,San Mateo,92870,San Mateo,0668252
15000528,CA,06,"San Francisco-Oakland-Hayward, CA",41860,Metro,San Mateo,06081,South San Francisco,93170,South San Francisco,0673262
15000529,CA,06,"San Francisco-Oakland-Hayward, CA",41860,Metro,San Mateo,06081,South San Francisco,93170,South San Francisco,0673262
15000530,CA,06,"San Francisco-Oakland-Hayward, CA",41860,Metro,San Mateo,06081,South San Francisco,93170,Millbrae,0647486
15000531,CA,06,"San Francisco-Oakland-Hayward, CA",41860,Metro,San Mateo,06081,San Mateo,92870,Menlo Park,0646870
15000532,CA,06,"San Francisco-Oakland-Hayward, CA",41860,Metro,San Mateo,06081,San Mateo,92870,Menlo Park,0646870
15000536,CA,06,"San Francisco-Oakland-Hayward, CA",41860,Metro,San Mateo,06081,South San Francisco,93170,Daly City,0617918
15000537,CA,06,"San Francisco-Oakland-Hayward, CA",41860,Metro,San Mateo,06081,South San Francisco,93170,Daly City,0617918
15000538,CA,06,"San Francisco-Oakland-Hayward, CA",41860,Metro,San Mateo,06081,South San Francisco,93170,,
15000539,CA,06,"San Francisco-Oakland-Hayward, CA",41860,Metro,San Mateo,06081,South San Francisco,93170,Burlingame,0609066
15000540,CA,06,"San Francisco-Oakland-Hayward, CA",41860,Metro,San Mateo,06081,South San Francisco,93170,Burlingame,0609066
15000541,CA,06,"San Francisco-Oakland-Hayward, CA",41860,Metro,San Mateo,06081,South San Francisco,93170,Burlingame,0609066
15000542,CA,06,"San Francisco-Oakland-Hayward, CA",41860,Metro,San Mateo,06081,San Mateo,92870,Belmont,0605108
15000543,CA,06,"San Francisco-Oakland-Hayward, CA",41860,Metro,San Mateo,06081,San Mateo,92870,Belmont,0605108
15000544,CA,06,"San Francisco-Oakland-Hayward, CA",41860,Metro,San Francisco,06075,San Francisco,92790,San Francisco,0667000
15000545,CA,06,"San Francisco-Oakland-Hayward, CA",41860,Metro,San Mateo,06081,South San Francisco,93170,San Bruno,0665028
15000546,CA,06,"San Francisco-Oakland-Hayward, CA",41860,Metro,San Mateo,06081,San Mateo,92870,Redwood City,0660102
15000548,CA,06,"San Francisco-Oakland-Hayward, CA",41860,Metro,San Mateo,06081,San Mateo,92870,Atherton,0603092
15000798,CA,06,"San Francisco-Oakland-Hayward, CA",41860,Metro,San Mateo,06081,San Mateo,92870,Menlo Park,0646870
15000799,CA,06,"San Francisco-Oakland-Hayward, CA",41860,Metro,San Francisco,06075,San Francisco,92790,San Francisco,0667000
15000817,CA,06,"San Francisco-Oakland-Hayward, CA",41860,Metro,San Francisco,06075,San Francisco,92790,San Francisco,0667000
15000828,CA,06,"San Francisco-Oakland-Hayward, CA",41860,Metro,San Mateo,06081,San Mateo,92870,Belmont,0605108
15000829,CA,06,"San Francisco-Oakland-Hayward, CA",41860,Metro,San Francisco,06075,San Francisco,92790,San Francisco,0667000
15000830,CA,06,"San Francisco-Oakland-Hayward, CA",41860,Metro,San Francisco,06075,San Francisco,92790,San Francisco,0667000
15000868,CA,06,"San Francisco-Oakland-Hayward, CA",41860,Metro,San Francisco,06075,San Francisco,92790,San Francisco,0667000
15000871,CA,06,"San Francisco-Oakland-Hayward, CA",41860,Metro,San Mateo,06081,San Mateo,92870,Atherton,0603092
15000891,CA,06,"San Francisco-Oakland-Hayward, CA",41860,Metro,San Mateo,06081,San Mateo,92870,San Mateo,0668252
15000920,CA,06,"San Francisco-Oakland-Hayward, CA",41860,Metro,San Mateo,06081,San Mateo,92870,Redwood City,0660102
15000922,CA,06,"San Francisco-Oakland-Hayward, CA",41860,Metro,San Francisco,06075,San Francisco,92790,San Francisco,0667000
15000923,CA,06,"San Francisco-Oakland-Hayward, CA",41860,Metro,San Francisco,06075,San Francisco,92790,San Francisco,0667000
15000957,CA,06,"San Francisco-Oakland-Hayward, CA",41860,Metro,San Francisco,06075,San Francisco,92790,San Francisco,0667000
15000961,CA,06,"San Francisco-Oakland-Hayward, CA",41860,Metro,San Mateo,06081,San Mateo,92870,,
15000974,CA,06,"San Francisco-Oakland-Hayward, CA",41860,Metro,San Francisco,06075,San Francisco,92790,San Francisco,0667000
15000975,CA,06,"San Francisco-Oakland-Hayward, CA",41860,Metro,San Francisco,06075,San Francisco,92790,San Francisco,0667000
15000978,CA,06,"San Francisco-Oakland-Hayward, CA",41860,Metro,San Francisco,06075,San Francisco,92790,San Francisco,0667000
15000980,CA,06,"San Francisco-Oakland-Hayward, CA",41860,Metro,San Francisco,06075,San Francisco,92790,San Francisco,0667000
15001039,CA,06,"San Francisco-Oakland-Hayward, CA",41860,Metro,San Francisco,06075,San Francisco,92790,San Francisco,0667000
15001041,CA,06,"San Francisco-Oakland-Hayward, CA",41860,Macro,San Mateo,06081,South San Francisco,93170,San Bruno,0665028
15001042,CA,06,"San Francisco-Oakland-Hayward, CA",41860,Metro,San Mateo,06081,South San Francisco,93170,Daly City,0617918
15001055,CA,06,"San Francisco-Oakland-Hayward, CA",41860,Metro,San Francisco,06075,San Francisco,92790,San Francisco,0667000
15001057,CA,06,"San Francisco-Oakland-Hayward, CA",41860,Metro,San Francisco,06075,San Francisco,92790,San Francisco,0667000
15001064,CA,06,"San Francisco-Oakland-Hayward, CA",41860,Metro,San Francisco,06075,San Francisco,92790,San Francisco,0667000
15001065,CA,06,"San Francisco-Oakland-Hayward, CA",41860,Metro,San Francisco,06075,San Francisco,92790,San Francisco,0667000
15001088,CA,06,"San Francisco-Oakland-Hayward, CA",41860,Metro,San Mateo,06081,San Mateo,92870,Hillsborough,0633798
15001101,CA,06,"San Francisco-Oakland-Hayward, CA",41860,Metro,San Francisco,06075,San Francisco,92790,San Francisco,0667000
15001109,CA,06,"San Francisco-Oakland-Hayward, CA",41860,Macro,San Francisco,06075,San Francisco,92790,San Francisco,0667000
15001115,CA,06,"San Francisco-Oakland-Hayward, CA",41860,Metro,San Francisco,06075,San Francisco,92790,San Francisco,0667000
15001119,CA,06,"San Francisco-Oakland-Hayward, CA",41860,Metro,San Francisco,06075,San Francisco,92790,San Francisco,0667000
15001127,CA,06,"San Francisco-Oakland-Hayward, CA",41860,Metro,San Francisco,06075,San Francisco,92790,San Francisco,0667000
15001152,CA,06,"San Francisco-Oakland-Hayward, CA",41860,Metro,San Mateo,06081,South San Francisco,93170,Pacifica,0654806
15001156,CA,06,"San Francisco-Oakland-Hayward, CA",41860,Metro,San Francisco,06075,San Francisco,92790,San Francisco,0667000
15001177,CA,06,"San Francisco-Oakland-Hayward, CA",41860,Metro,San Francisco,06075,San Francisco,92790,San Francisco,0667000
15001178,CA,06,"San Francisco-Oakland-Hayward, CA",41860,Metro,San Francisco,06075,San Francisco,92790,San Francisco,0667000
15001179,CA,06,"San Francisco-Oakland-Hayward, CA",41860,Metro,San Francisco,06075,San Francisco,92790,San Francisco,0667000
15001242,CA,06,"San Francisco-Oakland-Hayward, CA",41860,Metro,San Francisco,06075,San Francisco,92790,San Francisco,0667000
15001262,CA,06,"San Francisco-Oakland-Hayward, CA",41860,Metro,San Mateo,06081,San Mateo,92870,Belmont,0605108
15002491,CA,06,"San Francisco-Oakland-Hayward, CA",41860,Metro,San Francisco,06075,San Francisco,92790,San Francisco,0667000
15009586,CA,06,"San Francisco-Oakland-Hayward, CA",41860,Metro,San Francisco,06075,San Francisco,92790,San Francisco,0667000
15009640,CA,06,"San Francisco-Oakland-Hayward, CA",41860,Metro,San Francisco,06075,San Francisco,92790,San Francisco,0667000
15009924,CA,06,"San Francisco-Oakland-Hayward, CA",41860,Metro,San Francisco,06075,San Francisco,92790,San Francisco,0667000
15009928,CA,06,"San Francisco-Oakland-Hayward, CA",41860,Metro,San Mateo,06081,San Mateo,92870,Menlo Park,0646870
15009935,CA,06,"San Francisco-Oakland-Hayward, CA",41860,Metro,San Mateo,06081,San Mateo,92870,Menlo Park,0646870
15010537,CA,06,"San Francisco-Oakland-Hayward, CA",41860,Metro,San Francisco,06075,San Francisco,92790,San Francisco,0667000
15010538,CA,06,"San Francisco-Oakland-Hayward, CA",41860,Metro,San Francisco,06075,San Francisco,92790,San Francisco,0667000
15010539,CA,06,"San Francisco-Oakland-Hayward, CA",41860,Metro,San Francisco,06075,San Francisco,92790,San Francisco,0667000
15010541,CA,06,"San Francisco-Oakland-Hayward, CA",41860,Metro,San Mateo,06081,San Mateo,92870,San Mateo,0668252
15010542,CA,06,"San Francisco-Oakland-Hayward, CA",41860,Metro,San Mateo,06081,San Mateo,92870,Ladera,0639094
15011421,CA,06,"San Francisco-Oakland-Hayward, CA",41860,Metro,San Francisco,06075,San Francisco,92790,San Francisco,0667000
15011714,CA,06,"San Francisco-Oakland-Hayward, CA",41860,Metro,San Francisco,06075,San Francisco,92790,San Francisco,0667000
15011734,CA,06,"San Francisco-Oakland-Hayward, CA",41860,Metro,San Francisco,06075,San Francisco,92790,San Francisco,0667000
15013075,CA,06,"San Francisco-Oakland-Hayward, CA",41860,Metro,San Mateo,06081,San Mateo,92870,Belmont,0605108
15013087,CA,06,"San Francisco-Oakland-Hayward, CA",41860,Metro,San Mateo,06081,San Mateo,92870,San Mateo,0668252
15013090,CA,06,"San Francisco-Oakland-Hayward, CA",41860,Metro,San Mateo,06081,San Mateo,92870,Foster City,0625338
15013102,CA,06,"San Francisco-Oakland-Hayward, CA",41860,Metro,San Francisco,06075,San Francisco,92790,San Francisco,0667000
15013115,CA,06,"San Francisco-Oakland-Hayward, CA",41860,Metro,San Mateo,06081,San Mateo,92870,North Fair Oaks,0651840
15013146,CA,06,"San Francisco-Oakland-Hayward, CA",41860,Metro,San Mateo,06081,South San Francisco,93170,South San Francisco,0673262
15013147,CA,06,"San Francisco-Oakland-Hayward, CA",41860,Metro,San Francisco,06075,San Francisco,92790,San Francisco,0667000
15013148,CA,06,"San Francisco-Oakland-Hayward, CA",41860,Metro,San Francisco,06075,San Francisco,92790,San Francisco,0667000
15013172,CA,06,"San Francisco-Oakland-Hayward, CA",41860,Metro,San Mateo,06081,San Mateo,92870,San Mateo,0668252
15014236,CA,06,"San Francisco-Oakland-Hayward, CA",41860,Metro,San Mateo,06081,San Mateo,92870,San Mateo,0668252
15014443,CA,06,"San Francisco-Oakland-Hayward, CA",41860,Metro,San Mateo,06081,San Mateo,92870,Redwood City,0660102
15014472,CA,06,"San Francisco-Oakland-Hayward, CA",41860,Metro,San Mateo,06081,South San Francisco,93170,South San Francisco,0673262
15014477,CA,06,"San Francisco-Oakland-Hayward, CA",41860,Metro,San Francisco,06075,San Francisco,92790,San Francisco,0667000
15014516,CA,06,"San Francisco-Oakland-Hayward, CA",41860,Metro,San Mateo,06081,San Mateo,92870,Atherton,0603092
15014522,CA,06,"San Francisco-Oakland-Hayward, CA",41860,Metro,San Francisco,06075,San Francisco,92790,San Francisco,0667000
15014546,CA,06,"San Francisco-Oakland-Hayward, CA",41860,Metro,San Francisco,06075,San Francisco,92790,San Francisco,0667000
15014556,CA,06,"San Francisco-Oakland-Hayward, CA",41860,Metro,San Francisco,06075,San Francisco,92790,San Francisco,0667000
15014557,CA,06,"San Francisco-Oakland-Hayward, CA",41860,Metro,San Mateo,06081,South San Francisco,93170,Burlingame,0609066
15015927,CA,06,"San Francisco-Oakland-Hayward, CA",41860,Metro,San Francisco,06075,San Francisco,92790,San Francisco,0667000
15017032,CA,06,"San Francisco-Oakland-Hayward, CA",41860,Metro,San Mateo,06081,San Mateo,92870,San Mateo,0668252
15017055,CA,06,"San Francisco-Oakland-Hayward, CA",41860,Metro,San Mateo,06081,San Mateo,92870,San Mateo,0668252
15017074,CA,06,"San Francisco-Oakland-Hayward, CA",41860,Metro,San Mateo,06081,San Mateo,92870,Foster City,0625338
15017580,CA,06,"San Francisco-Oakland-Hayward, CA",41860,Metro,San Mateo,06081,South San Francisco,93170,Burlingame,0609066
15017654,CA,06,"San Francisco-Oakland-Hayward, CA",41860,Metro,San Mateo,06081,San Mateo,92870,San Mateo,0668252
15017662,CA,06,"San Francisco-Oakland-Hayward, CA",41860,Metro,San Francisco,06075,San Francisco,92790,San Francisco,0667000
15017694,CA,06,"San Francisco-Oakland-Hayward, CA",41860,Metro,San Mateo,06081,San Mateo,92870,Redwood City,0660102
15017713,CA,06,"San Francisco-Oakland-Hayward, CA",41860,Metro,San Francisco,06075,San Francisco,92790,San Francisco,0667000
15019588,CA,06,"San Francisco-Oakland-Hayward, CA",41860,Metro,San Mateo,06081,San Mateo,92870,Redwood City,0660102
15019670,CA,06,"San Francisco-Oakland-Hayward, CA",41860,Metro,San Francisco,06075,San Francisco,92790,San Francisco,0667000
15019689,CA,06,"San Francisco-Oakland-Hayward, CA",41860,Metro,San Mateo,06081,San Mateo,92870,Menlo Park,0646870
15019690,CA,06,"San Francisco-Oakland-Hayward, CA",41860,Metro,San Mateo,06081,San Mateo,92870,Belmont,0605108
15019696,CA,06,"San Francisco-Oakland-Hayward, CA",41860,Metro,San Mateo,06081,San Mateo,92870,Hillsborough,0633798
15019721,CA,06,"San Francisco-Oakland-Hayward, CA",41860,Metro,San Francisco,06075,San Francisco,92790,San Francisco,0667000
15019756,CA,06,"San Francisco-Oakland-Hayward, CA",41860,Metro,San Mateo,06081,San Mateo,92870,Menlo Park,0646870
15019787,CA,06,"San Francisco-Oakland-Hayward, CA",41860,Metro,San Francisco,06075,San Francisco,92790,San Francisco,0667000
15019794,CA,06,"San Francisco-Oakland-Hayward, CA",41860,Metro,San Francisco,06075,San Francisco,92790,San Francisco,0667000
15019803,CA,06,"San Francisco-Oakland-Hayward, CA",41860,Metro,San Mateo,06081,South San Francisco,93170,South San Francisco,0673262
15019821,CA,06,"San Francisco-Oakland-Hayward, CA",41860,Metro,San Mateo,06081,San Mateo,92870,Foster City,0625338
15019849,CA,06,"San Francisco-Oakland-Hayward, CA",41860,Metro,San Francisco,06075,San Francisco,92790,San Francisco,0667000
15019850,CA,06,"San Francisco-Oakland-Hayward, CA",41860,Metro,San Mateo,06081,San Mateo,92870,San Mateo,0668252
15019852,CA,06,"San Francisco-Oakland-Hayward, CA",41860,Metro,San Francisco,06075,San Francisco,92790,San Francisco,0667000
15019870,CA,06,"San Francisco-Oakland-Hayward, CA",41860,Metro,San Mateo,06081,San Mateo,92870,San Mateo,0668252
15019891,CA,06,"San Francisco-Oakland-Hayward, CA",41860,Metro,San Mateo,06081,San Mateo,92870,North Fair Oaks,0651840
15021490,CA,06,"San Francisco-Oakland-Hayward, CA",41860,Metro,San Mateo,06081,San Mateo,92870,Belmont,0605108
15021795,CA,06,"San Francisco-Oakland-Hayward, CA",41860,Metro,San Francisco,06075,San Francisco,92790,San Francisco,0667000
15021808,CA,06,"San Francisco-Oakland-Hayward, CA",41860,Metro,San Francisco,06075,San Francisco,92790,San Francisco,0667000
15021825,CA,06,"San Francisco-Oakland-Hayward, CA",41860,Metro,San Francisco,06075,San Francisco,92790,San Francisco,0667000
15022282,CA,06,"San Francisco-Oakland-Hayward, CA",41860,Metro,San Francisco,06075,San Francisco,92790,San Francisco,0667000
15023117,CA,06,"San Francisco-Oakland-Hayward, CA",41860,Metro,San Francisco,06075,San Francisco,92790,San Francisco,0667000
15023169,CA,06,"San Francisco-Oakland-Hayward, CA",41860,Metro,San Francisco,06075,San Francisco,92790,San Francisco,0667000
15023171,CA,06,"San Francisco-Oakland-Hayward, CA",41860,Metro,San Mateo,06081,San Mateo,92870,Redwood City,0660102
15023993,CA,06,"San Francisco-Oakland-Hayward, CA",41860,Metro,San Francisco,06075,San Francisco,92790,San Francisco,0667000
15024030,CA,06,"San Francisco-Oakland-Hayward, CA",41860,Metro,San Mateo,06081,San Mateo,92870,West Menlo Park,0684536
15024443,CA,06,"San Francisco-Oakland-Hayward, CA",41860,Metro,San Mateo,06081,San Mateo,92870,East Palo Alto,0620956
15024467,CA,06,"San Francisco-Oakland-Hayward, CA",41860,Metro,San Mateo,06081,San Mateo,92870,Highlands-Baywood Park,0633633
15024478,CA,06,"San Francisco-Oakland-Hayward, CA",41860,Metro,San Francisco,06075,San Francisco,92790,San Francisco,0667000
15024480,CA,06,"San Francisco-Oakland-Hayward, CA",41860,Metro,San Francisco,06075,San Francisco,92790,San Francisco,0667000
15024485,CA,06,"San Francisco-Oakland-Hayward, CA",41860,Metro,San Francisco,06075,San Francisco,92790,San Francisco,0667000
15024495,CA,06,"San Francisco-Oakland-Hayward, CA",41860,Metro,San Mateo,06081,San Mateo,92870,San Carlos,0665070
15024499,CA,06,"San Francisco-Oakland-Hayward, CA",41860,Metro,San Francisco,06075,San Francisco,92790,San Francisco,0667000
15025331,CA,06,"San Francisco-Oakland-Hayward, CA",41860,Metro,San Mateo,06081,San Mateo,92870,San Mateo,0668252
15025530,CA,06,"San Francisco-Oakland-Hayward, CA",41860,Metro,San Francisco,06075,San Francisco,92790,San Francisco,0667000
15025533,CA,06,"San Francisco-Oakland-Hayward, CA",41860,Metro,San Francisco,06075,San Francisco,92790,San Francisco,0667000
15027154,CA,06,"San Francisco-Oakland-Hayward, CA",41860,Metro,San Mateo,06081,San Mateo,92870,Belmont,0605108
15027155,CA,06,"San Francisco-Oakland-Hayward, CA",41860,Macro,San Mateo,06081,South San Francisco,93170,Daly City,0617918
15027156,CA,06,"San Francisco-Oakland-Hayward, CA",41860,Metro,San Mateo,06081,San Mateo,92870,Redwood City,0660102
15027157,CA,06,"San Francisco-Oakland-Hayward, CA",41860,Metro,San Mateo,06081,San Mateo,92870,San Carlos,0665070
15027160,CA,06,"San Francisco-Oakland-Hayward, CA",41860,Metro,San Francisco,06075,San Francisco,92790,San Francisco,0667000
15027161,CA,06,"San Francisco-Oakland-Hayward, CA",41860,Metro,San Francisco,06075,San Francisco,92790,San Francisco,0667000
15027162,CA,06,"San Francisco-Oakland-Hayward, CA",41860,Metro,San Francisco,06075,San Francisco,92790,San Francisco,0667000
15027164,CA,06,"San Francisco-Oakland-Hayward, CA",41860,Metro,San Mateo,06081,San Mateo,92870,San Mateo,0668252
15027948,CA,06,"San Francisco-Oakland-Hayward, CA",41860,Metro,San Mateo,06081,San Mateo,92870,Redwood City,0660102
15034275,CA,06,"San Francisco-Oakland-Hayward, CA",41860,Metro,San Francisco,06075,San Francisco,92790,San Francisco,0667000
15034278,CA,06,"San Francisco-Oakland-Hayward, CA",41860,Metro,San Mateo,06081,San Mateo,92870,Redwood City,0660102
15034411,CA,06,"San Francisco-Oakland-Hayward, CA",41860,Metro,San Mateo,06081,San Mateo,92870,North Fair Oaks,0651840
15034436,CA,06,"San Francisco-Oakland-Hayward, CA",41860,Metro,San Francisco,06075,San Francisco,92790,San Francisco,0667000
15034437,CA,06,"San Francisco-Oakland-Hayward, CA",41860,Metro,San Francisco,06075,San Francisco,92790,San Francisco,0667000
15034945,CA,06,"San Francisco-Oakland-Hayward, CA",41860,Metro,San Mateo,06081,South San Francisco,93170,Daly City,0617918
15034946,CA,06,"San Francisco-Oakland-Hayward, CA",41860,Metro,San Mateo,06081,South San Francisco,93170,Daly City,0617918
15034992,CA,06,"San Francisco-Oakland-Hayward, CA",41860,Metro,San Mateo,06081,San Mateo,92870,Belmont,0605108
15034993,CA,06,"San Francisco-Oakland-Hayward, CA",41860,Metro,San Mateo,06081,San Mateo,92870,Belmont,0605108
15034994,CA,06,"San Francisco-Oakland-Hayward, CA",41860,Metro,San Mateo,06081,San Mateo,92870,Belmont,0605108
15034995,CA,06,"San Francisco-Oakland-Hayward, CA",41860,Metro,San Mateo,06081,San Mateo,92870,Belmont,0605108
15034996,CA,06,"San Francisco-Oakland-Hayward, CA",41860,Metro,San Mateo,06081,San Mateo,92870,Belmont,0605108
15034997,CA,06,"San Francisco-Oakland-Hayward, CA",41860,Metro,San Mateo,06081,San Mateo,92870,Redwood City,0660102
15034998,CA,06,"San Francisco-Oakland-Hayward, CA",41860,Metro,San Mateo,06081,San Mateo,92870,Redwood City,0660102
15035158,CA,06,"San Francisco-Oakland-Hayward, CA",41860,Metro,San Mateo,06081,South San Francisco,93170,Brisbane,0608310
15035159,CA,06,"San Francisco-Oakland-Hayward, CA",41860,Metro,San Mateo,06081,South San Francisco,93170,Brisbane,0608310
15035160,CA,06,"San Francisco-Oakland-Hayward, CA",41860,Metro,San Mateo,06081,South San Francisco,93170,Daly City,0617918
15035225,CA,06,"San Francisco-Oakland-Hayward, CA",41860,Metro,San Mateo,06081,South San Francisco,93170,Burlingame,0609066
15035226,CA,06,"San Francisco-Oakland-Hayward, CA",41860,Metro,San Mateo,06081,South San Francisco,93170,Burlingame,0609066
15035227,CA,06,"San Francisco-Oakland-Hayward, CA",41860,Metro,San Mateo,06081,South San Francisco,93170,Burlingame,0609066
15035228,CA,06,"San Francisco-Oakland-Hayward, CA",41860,Metro,San Mateo,06081,South San Francisco,93170,Burlingame,0609066
15035229,CA,06,"San Francisco-Oakland-Hayward, CA",41860,Metro,San Mateo,06081,South San Francisco,93170,Burlingame,0609066
15035230,CA,06,"San Francisco-Oakland-Hayward, CA",41860,Metro,San Mateo,06081,South San Francisco,93170,Burlingame,0609066
15037334,CA,06,"San Francisco-Oakland-Hayward, CA",41860,Metro,San Mateo,06081,San Mateo,92870,Hillsborough,0633798
15037335,CA,06,"San Francisco-Oakland-Hayward, CA",41860,Metro,San Mateo,06081,San Mateo,92870,Hillsborough,0633798
15037336,CA,06,"San Francisco-Oakland-Hayward, CA",41860,Metro,San Mateo,06081,San Mateo,92870,Hillsborough,0633798
15037337,CA,06,"San Francisco-Oakland-Hayward, CA",41860,Macro,San Mateo,06081,San Mateo,92870,Hillsborough,0633798
15037440,CA,06,"San Francisco-Oakland-Hayward, CA",41860,Metro,San Mateo,06081,South San Francisco,93170,Broadmoor,0608338
15037441,CA,06,"San Francisco-Oakland-Hayward, CA",41860,Metro,San Mateo,06081,South San Francisco,93170,Daly City,0617918
15037442,CA,06,"San Francisco-Oakland-Hayward, CA",41860,Metro,San Mateo,06081,South San Francisco,93170,Daly City,0617918
15037443,CA,06,"San Francisco-Oakland-Hayward, CA",41860,Metro,San Mateo,06081,South San Francisco,93170,Daly City,0617918
15037444,CA,06,"San Francisco-Oakland-Hayward, CA",41860,Metro,San Mateo,06081,South San Francisco,93170,Daly City,0617918
15037445,CA,06,"San Francisco-Oakland-Hayward, CA",41860,Metro,San Mateo,06081,South San Francisco,93170,Broadmoor,0608338
15037446,CA,06,"San Francisco-Oakland-Hayward, CA",41860,Metro,San Mateo,06081,South San Francisco,93170,Daly City,0617918
15037447,CA,06,"San Francisco-Oakland-Hayward, CA",41860,Metro,San Mateo,06081,South San Francisco,93170,Daly City,0617918
15037448,CA,06,"San Francisco-Oakland-Hayward, CA",41860,Metro,San Mateo,06081,South San Francisco,93170,Daly City,0617918
15037449,CA,06,"San Francisco-Oakland-Hayward, CA",41860,Metro,San Mateo,06081,South San Francisco,93170,Daly City,0617918
15037450,CA,06,"San Francisco-Oakland-Hayward, CA",41860,Metro,San Mateo,06081,South San Francisco,93170,Daly City,0617918
15037451,CA,06,"San Francisco-Oakland-Hayward, CA",41860,Metro,San Mateo,06081,South San Francisco,93170,Daly City,0617918
15037452,CA,06,"San Francisco-Oakland-Hayward, CA",41860,Metro,San Mateo,06081,South San Francisco,93170,Daly City,0617918
15037453,CA,06,"San Francisco-Oakland-Hayward, CA",41860,Macro,San Mateo,06081,South San Francisco,93170,Daly City,0617918
15037454,CA,06,"San Francisco-Oakland-Hayward, CA",41860,Metro,San Mateo,06081,South San Francisco,93170,Daly City,0617918
15037455,CA,06,"San Francisco-Oakland-Hayward, CA",41860,Metro,San Mateo,06081,South San Francisco,93170,Daly City,0617918
15037456,CA,06,"San Francisco-Oakland-Hayward, CA",41860,Metro,San Mateo,06081,South San Francisco,93170,Pacifica,0654806
15037457,CA,06,"San Francisco-Oakland-Hayward, CA",41860,Metro,San Mateo,06081,South San Francisco,93170,Pacifica,0654806
15037458,CA,06,"San Francisco-Oakland-Hayward, CA",41860,Metro,San Mateo,06081,South San Francisco,93170,Daly City,0617918
15037674,CA,06,"San Francisco-Oakland-Hayward, CA",41860,Metro,San Mateo,06081,South San Francisco,93170,Pacifica,0654806
15037675,CA,06,"San Francisco-Oakland-Hayward, CA",41860,Metro,San Mateo,06081,South San Francisco,93170,Pacifica,0654806
15037676,CA,06,"San Francisco-Oakland-Hayward, CA",41860,Metro,San Mateo,06081,South San Francisco,93170,Pacifica,0654806
15037677,CA,06,"San Francisco-Oakland-Hayward, CA",41860,Metro,San Mateo,06081,South San Francisco,93170,Pacifica,0654806
15037678,CA,06,"San Francisco-Oakland-Hayward, CA",41860,Metro,San Mateo,06081,South San Francisco,93170,Pacifica,0654806
15037679,CA,06,"San Francisco-Oakland-Hayward, CA",41860,Metro,San Mateo,06081,South San Francisco,93170,Pacifica,0654806
15037680,CA,06,"San Francisco-Oakland-Hayward, CA",41860,Metro,San Mateo,06081,South San Francisco,93170,Pacifica,0654806
15037946,CA,06,"San Francisco-Oakland-Hayward, CA",41860,Metro,San Mateo,06081,San Mateo,92870,Menlo Park,0646870
15037947,CA,06,"San Francisco-Oakland-Hayward, CA",41860,Metro,San Mateo,06081,San Mateo,92870,Atherton,0603092
15039262,CA,06,"San Francisco-Oakland-Hayward, CA",41860,Metro,San Mateo,06081,San Mateo,92870,Atherton,0603092
15039263,CA,06,"San Francisco-Oakland-Hayward, CA",41860,Metro,San Mateo,06081,San Mateo,92870,Menlo Park,0646870
15039264,CA,06,"San Francisco-Oakland-Hayward, CA",41860,Metro,San Mateo,06081,San Mateo,92870,Menlo Park,0646870
15039265,CA,06,"San Francisco-Oakland-Hayward, CA",41860,Metro,San Mateo,06081,San Mateo,92870,Menlo Park,0646870
15039314,CA,06,"San Francisco-Oakland-Hayward, CA",41860,Metro,San Mateo,06081,South San Francisco,93170,Millbrae,0647486
15039315,CA,06,"San Francisco-Oakland-Hayward, CA",41860,Metro,San Mateo,06081,South San Francisco,93170,Millbrae,0647486
15039316,CA,06,"San Francisco-Oakland-Hayward, CA",41860,Metro,San Mateo,06081,South San Francisco,93170,Millbrae,0647486
15039317,CA,06,"San Francisco-Oakland-Hayward, CA",41860,Metro,San Mateo,06081,South San Francisco,93170,Millbrae,0647486
15039318,CA,06,"San Francisco-Oakland-Hayward, CA",41860,Metro,San Mateo,06081,South San Francisco,93170,Millbrae,0647486
15040640,CA,06,"San Francisco-Oakland-Hayward, CA",41860,Metro,San Mateo,06081,San Mateo,92870,Portola Valley,0658380
15040641,CA,06,"San Francisco-Oakland-Hayward, CA",41860,Metro,San Mateo,06081,San Mateo,92870,Portola Valley,0658380
15040698,CA,06,"San Francisco-Oakland-Hayward, CA",41860,Metro,San Mateo,06081,San Mateo,92870,Menlo Park,0646870
15040699,CA,06,"San Francisco-Oakland-Hayward, CA",41860,Metro,San Mateo,06081,San Mateo,92870,East Palo Alto,0620956
15040700,CA,06,"San Francisco-Oakland-Hayward, CA",41860,Metro,San Mateo,06081,San Mateo,92870,East Palo Alto,0620956
15040701,CA,06,"San Francisco-Oakland-Hayward, CA",41860,Metro,San Mateo,06081,San Mateo,92870,East Palo Alto,0620956
15040702,CA,06,"San Francisco-Oakland-Hayward, CA",41860,Metro,San Mateo,06081,San Mateo,92870,Menlo Park,0646870
15040703,CA,06,"San Francisco-Oakland-Hayward, CA",41860,Metro,San Mateo,06081,San Mateo,92870,East Palo Alto,0620956
15040704,CA,06,"San Francisco-Oakland-Hayward, CA",41860,Metro,San Mateo,06081,San Mateo,92870,East Palo Alto,0620956
15040751,CA,06,"San Francisco-Oakland-Hayward, CA",41860,Metro,San Mateo,06081,San Mateo,92870,San Carlos,0665070
15040752,CA,06,"San Francisco-Oakland-Hayward, CA",41860,Metro,San Mateo,06081,San Mateo,92870,Redwood City,0660102
15040753,CA,06,"San Francisco-Oakland-Hayward, CA",41860,Metro,San Mateo,06081,San Mateo,92870,North Fair Oaks,0651840
15040754,CA,06,"San Francisco-Oakland-Hayward, CA",41860,Metro,San Mateo,06081,San Mateo,92870,North Fair Oaks,0651840
15040755,CA,06,"San Francisco-Oakland-Hayward, CA",41860,Metro,San Mateo,06081,San Mateo,92870,Redwood City,0660102
15040756,CA,06,"San Francisco-Oakland-Hayward, CA",41860,Metro,San Mateo,06081,San Mateo,92870,Redwood City,0660102
15040757,CA,06,"San Francisco-Oakland-Hayward, CA",41860,Metro,San Mateo,06081,San Mateo,92870,Redwood City,0660102
15040758,CA,06,"San Francisco-Oakland-Hayward, CA",41860,Metro,San Mateo,06081,San Mateo,92870,Redwood City,0660102
15040759,CA,06,"San Francisco-Oakland-Hayward, CA",41860,Metro,San Mateo,06081,San Mateo,92870,Redwood City,0660102
15040760,CA,06,"San Francisco-Oakland-Hayward, CA",41860,Metro,San Mateo,06081,San Mateo,92870,Redwood City,0660102
15040761,CA,06,"San Francisco-Oakland-Hayward, CA",41860,Metro,San Mateo,06081,San Mateo,92870,Redwood City,0660102
15040762,CA,06,"San Francisco-Oakland-Hayward, CA",41860,Metro,San Mateo,06081,San Mateo,92870,Atherton,0603092
15040763,CA,06,"San Francisco-Oakland-Hayward, CA",41860,Metro,San Mateo,06081,San Mateo,92870,Redwood City,0660102
15040764,CA,06,"San Francisco-Oakland-Hayward, CA",41860,Metro,San Mateo,06081,San Mateo,92870,Redwood City,0660102
15040765,CA,06,"San Francisco-Oakland-Hayward, CA",41860,Metro,San Mateo,06081,San Mateo,92870,Redwood City,0660102
15040766,CA,06,"San Francisco-Oakland-Hayward, CA",41860,Metro,San Mateo,06081,San Mateo,92870,Redwood City,0660102
15041292,CA,06,"San Francisco-Oakland-Hayward, CA",41860,Metro,San Mateo,06081,South San Francisco,93170,San Bruno,0665028
15041293,CA,06,"San Francisco-Oakland-Hayward, CA",41860,Metro,San Mateo,06081,South San Francisco,93170,San Bruno,0665028
15041295,CA,06,"San Francisco-Oakland-Hayward, CA",41860,Metro,San Mateo,06081,South San Francisco,93170,San Bruno,0665028
15041296,CA,06,"San Francisco-Oakland-Hayward, CA",41860,Metro,San Mateo,06081,South San Francisco,93170,San Bruno,0665028
15041297,CA,06,"San Francisco-Oakland-Hayward, CA",41860,Metro,San Mateo,06081,South San Francisco,93170,San Bruno,0665028
15041298,CA,06,"San Francisco-Oakland-Hayward, CA",41860,Metro,San Mateo,06081,South San Francisco,93170,San Bruno,0665028
15041299,CA,06,"San Francisco-Oakland-Hayward, CA",41860,Metro,San Mateo,06081,South San Francisco,93170,San Bruno,0665028
15041300,CA,06,"San Francisco-Oakland-Hayward, CA",41860,Metro,San Mateo,06081,San Mateo,92870,San Carlos,0665070
15041301,CA,06,"San Francisco-Oakland-Hayward, CA",41860,Metro,San Mateo,06081,San Mateo,92870,San Carlos,0665070
15041302,CA,06,"San Francisco-Oakland-Hayward, CA",41860,Metro,San Mateo,06081,San Mateo,92870,San Carlos,0665070
15041303,CA,06,"San Francisco-Oakland-Hayward, CA",41860,Metro,San Mateo,06081,San Mateo,92870,San Carlos,0665070
15041304,CA,06,"San Francisco-Oakland-Hayward, CA",41860,Metro,San Mateo,06081,San Mateo,92870,San Carlos,0665070
15041305,CA,06,"San Francisco-Oakland-Hayward, CA",41860,Metro,San Mateo,06081,San Mateo,92870,San Carlos,0665070
15041306,CA,06,"San Francisco-Oakland-Hayward, CA",41860,Metro,San Mateo,06081,San Mateo,92870,San Carlos,0665070
15041531,CA,06,"San Francisco-Oakland-Hayward, CA",41860,Metro,San Francisco,06075,San Francisco,92790,San Francisco,0667000
15041532,CA,06,"San Francisco-Oakland-Hayward, CA",41860,Metro,San Francisco,06075,San Francisco,92790,San Francisco,0667000
15041533,CA,06,"San Francisco-Oakland-Hayward, CA",41860,Metro,San Francisco,06075,San Francisco,92790,San Francisco,0667000
15041534,CA,06,"San Francisco-Oakland-Hayward, CA",41860,Macro,San Francisco,06075,San Francisco,92790,San Francisco,0667000
15041535,CA,06,"San Francisco-Oakland-Hayward, CA",41860,Metro,San Francisco,06075,San Francisco,92790,San Francisco,0667000
15041536,CA,06,"San Francisco-Oakland-Hayward, CA",41860,Metro,San Francisco,06075,San Francisco,92790,San Francisco,0667000
15041537,CA,06,"San Francisco-Oakland-Hayward, CA",41860,Metro,San Francisco,06075,San Francisco,92790,San Francisco,0667000
15041538,CA,06,"San Francisco-Oakland-Hayward, CA",41860,Metro,San Francisco,06075,San Francisco,92790,San Francisco,0667000
15041539,CA,06,"San Francisco-Oakland-Hayward, CA",41860,Metro,San Francisco,06075,San Francisco,92790,San Francisco,0667000
15041540,CA,06,"San Francisco-Oakland-Hayward, CA",41860,Metro,San Francisco,06075,San Francisco,92790,San Francisco,0667000
15041541,CA,06,"San Francisco-Oakland-Hayward, CA",41860,Macro,San Francisco,06075,San Francisco,92790,San Francisco,0667000
15041542,CA,06,"San Francisco-Oakland-Hayward, CA",41860,Metro,San Francisco,06075,San Francisco,92790,San Francisco,0667000
15041543,CA,06,"San Francisco-Oakland-Hayward, CA",41860,Metro,San Francisco,06075,San Francisco,92790,San Francisco,0667000
15041544,CA,06,"San Francisco-Oakland-Hayward, CA",41860,Metro,San Francisco,06075,San Francisco,92790,San Francisco,0667000
15041545,CA,06,"San Francisco-Oakland-Hayward, CA",41860,Metro,San Francisco,06075,San Francisco,92790,San Francisco,0667000
15041547,CA,06,"San Francisco-Oakland-Hayward, CA",41860,Metro,San Francisco,06075,San Francisco,92790,San Francisco,0667000
15041548,CA,06,"San Francisco-Oakland-Hayward, CA",41860,Metro,San Francisco,06075,San Francisco,92790,San Francisco,0667000
15041549,CA,06,"San Francisco-Oakland-Hayward, CA",41860,Metro,San Francisco,06075,San Francisco,92790,San Francisco,0667000
15041550,CA,06,"San Francisco-Oakland-Hayward, CA",41860,Metro,San Francisco,06075,San Francisco,92790,San Francisco,0667000
15041551,CA,06,"San Francisco-Oakland-Hayward, CA",41860,Metro,San Francisco,06075,San Francisco,92790,San Francisco,0667000
15041552,CA,06,"San Francisco-Oakland-Hayward, CA",41860,Metro,San Francisco,06075,San Francisco,92790,San Francisco,0667000
15041553,CA,06,"San Francisco-Oakland-Hayward, CA",41860,Metro,San Francisco,06075,San Francisco,92790,San Francisco,0667000
15041554,CA,06,"San Francisco-Oakland-Hayward, CA",41860,Metro,San Francisco,06075,San Francisco,92790,San Francisco,0667000
15041555,CA,06,"San Francisco-Oakland-Hayward, CA",41860,Metro,San Francisco,06075,San Francisco,92790,San Francisco,0667000
15041556,CA,06,"San Francisco-Oakland-Hayward, CA",41860,Metro,San Francisco,06075,San Francisco,92790,San Francisco,0667000
15041557,CA,06,"San Francisco-Oakland-Hayward, CA",41860,Metro,San Francisco,06075,San Francisco,92790,San Francisco,0667000
15041558,CA,06,"San Francisco-Oakland-Hayward, CA",41860,Metro,San Francisco,06075,San Francisco,92790,San Francisco,0667000
15041559,CA,06,"San Francisco-Oakland-Hayward, CA",41860,Metro,San Francisco,06075,San Francisco,92790,San Francisco,0667000
15041560,CA,06,"San Francisco-Oakland-Hayward, CA",41860,Metro,San Francisco,06075,San Francisco,92790,San Francisco,0667000
15041561,CA,06,"San Francisco-Oakland-Hayward, CA",41860,Metro,San Francisco,06075,San Francisco,92790,San Francisco,0667000
15041562,CA,06,"San Francisco-Oakland-Hayward, CA",41860,Metro,San Francisco,06075,San Francisco,92790,San Francisco,0667000
15041563,CA,06,"San Francisco-Oakland-Hayward, CA",41860,Metro,San Francisco,06075,San Francisco,92790,San Francisco,0667000
15041564,CA,06,"San Francisco-Oakland-Hayward, CA",41860,Metro,San Francisco,06075,San Francisco,92790,San Francisco,0667000
15041565,CA,06,"San Francisco-Oakland-Hayward, CA",41860,Metro,San Francisco,06075,San Francisco,92790,San Francisco,0667000
15041566,CA,06,"San Francisco-Oakland-Hayward, CA",41860,Metro,San Francisco,06075,San Francisco,92790,San Francisco,0667000
15041567,CA,06,"San Francisco-Oakland-Hayward, CA",41860,Metro,San Francisco,06075,San Francisco,92790,San Francisco,0667000
15041568,CA,06,"San Francisco-Oakland-Hayward, CA",41860,Metro,San Francisco,06075,San Francisco,92790,San Francisco,0667000
15041569,CA,06,"San Francisco-Oakland-Hayward, CA",41860,Metro,San Francisco,06075,San Francisco,92790,San Francisco,0667000
15041570,CA,06,"San Francisco-Oakland-Hayward, CA",41860,Metro,San Francisco,06075,San Francisco,92790,San Francisco,0667000
15041571,CA,06,"San Francisco-Oakland-Hayward, CA",41860,Metro,San Francisco,06075,San Francisco,92790,San Francisco,0667000
15041572,CA,06,"San Francisco-Oakland-Hayward, CA",41860,Metro,San Francisco,06075,San Francisco,92790,San Francisco,0667000
15041573,CA,06,"San Francisco-Oakland-Hayward, CA",41860,Metro,San Francisco,06075,San Francisco,92790,San Francisco,0667000
15041574,CA,06,"San Francisco-Oakland-Hayward, CA",41860,Metro,San Francisco,06075,San Francisco,92790,San Francisco,0667000
15041575,CA,06,"San Francisco-Oakland-Hayward, CA",41860,Metro,San Francisco,06075,San Francisco,92790,San Francisco,0667000
15041576,CA,06,"San Francisco-Oakland-Hayward, CA",41860,Metro,San Francisco,06075,San Francisco,92790,San Francisco,0667000
15041577,CA,06,"San Francisco-Oakland-Hayward, CA",41860,Metro,San Francisco,06075,San Francisco,92790,San Francisco,0667000
15041578,CA,06,"San Francisco-Oakland-Hayward, CA",41860,Metro,San Francisco,06075,San Francisco,92790,San Francisco,0667000
15041579,CA,06,"San Francisco-Oakland-Hayward, CA",41860,Metro,San Francisco,06075,San Francisco,92790,San Francisco,0667000
15041580,CA,06,"San Francisco-Oakland-Hayward, CA",41860,Metro,San Francisco,06075,San Francisco,92790,San Francisco,0667000
15041581,CA,06,"San Francisco-Oakland-Hayward, CA",41860,Metro,San Francisco,06075,San Francisco,92790,San Francisco,0667000
15041582,CA,06,"San Francisco-Oakland-Hayward, CA",41860,Metro,San Francisco,06075,San Francisco,92790,San Francisco,0667000
15041583,CA,06,"San Francisco-Oakland-Hayward, CA",41860,Metro,San Francisco,06075,San Francisco,92790,San Francisco,0667000
15041584,CA,06,"San Francisco-Oakland-Hayward, CA",41860,Metro,San Francisco,06075,San Francisco,92790,San Francisco,0667000
15041585,CA,06,"San Francisco-Oakland-Hayward, CA",41860,Metro,San Francisco,06075,San Francisco,92790,San Francisco,0667000
15041586,CA,06,"San Francisco-Oakland-Hayward, CA",41860,Metro,San Francisco,06075,San Francisco,92790,San Francisco,0667000
15041587,CA,06,"San Francisco-Oakland-Hayward, CA",41860,Metro,San Francisco,06075,San Francisco,92790,San Francisco,0667000
15041588,CA,06,"San Francisco-Oakland-Hayward, CA",41860,Metro,San Francisco,06075,San Francisco,92790,San Francisco,0667000
15041589,CA,06,"San Francisco-Oakland-Hayward, CA",41860,Metro,San Francisco,06075,San Francisco,92790,San Francisco,0667000
15041590,CA,06,"San Francisco-Oakland-Hayward, CA",41860,Metro,San Francisco,06075,San Francisco,92790,San Francisco,0667000
15041591,CA,06,"San Francisco-Oakland-Hayward, CA",41860,Metro,San Francisco,06075,San Francisco,92790,San Francisco,0667000
15041592,CA,06,"San Francisco-Oakland-Hayward, CA",41860,Metro,San Francisco,06075,San Francisco,92790,San Francisco,0667000
15041593,CA,06,"San Francisco-Oakland-Hayward, CA",41860,Metro,San Francisco,06075,San Francisco,92790,San Francisco,0667000
15041594,CA,06,"San Francisco-Oakland-Hayward, CA",41860,Metro,San Francisco,06075,San Francisco,92790,San Francisco,0667000
15041595,CA,06,"San Francisco-Oakland-Hayward, CA",41860,Metro,San Francisco,06075,San Francisco,92790,San Francisco,0667000
15041596,CA,06,"San Francisco-Oakland-Hayward, CA",41860,Metro,San Francisco,06075,San Francisco,92790,San Francisco,0667000
15041597,CA,06,"San Francisco-Oakland-Hayward, CA",41860,Metro,San Francisco,06075,San Francisco,92790,San Francisco,0667000
15041598,CA,06,"San Francisco-Oakland-Hayward, CA",41860,Metro,San Francisco,06075,San Francisco,92790,San Francisco,0667000
15041599,CA,06,"San Francisco-Oakland-Hayward, CA",41860,Metro,San Francisco,06075,San Francisco,92790,San Francisco,0667000
15041600,CA,06,"San Francisco-Oakland-Hayward, CA",41860,Metro,San Francisco,06075,San Francisco,92790,San Francisco,0667000
15041601,CA,06,"San Francisco-Oakland-Hayward, CA",41860,Metro,San Francisco,06075,San Francisco,92790,San Francisco,0667000
15041602,CA,06,"San Francisco-Oakland-Hayward, CA",41860,Metro,San Francisco,06075,San Francisco,92790,San Francisco,0667000
15041603,CA,06,"San Francisco-Oakland-Hayward, CA",41860,Metro,San Francisco,06075,San Francisco,92790,San Francisco,0667000
15041604,CA,06,"San Francisco-Oakland-Hayward, CA",41860,Metro,San Francisco,06075,San Francisco,92790,San Francisco,0667000
15041605,CA,06,"San Francisco-Oakland-Hayward, CA",41860,Metro,San Francisco,06075,San Francisco,92790,San Francisco,0667000
15041606,CA,06,"San Francisco-Oakland-Hayward, CA",41860,Metro,San Francisco,06075,San Francisco,92790,San Francisco,0667000
15041607,CA,06,"San Francisco-Oakland-Hayward, CA",41860,Metro,San Francisco,06075,San Francisco,92790,San Francisco,0667000
15041608,CA,06,"San Francisco-Oakland-Hayward, CA",41860,Metro,San Francisco,06075,San Francisco,92790,San Francisco,0667000
15041609,CA,06,"San Francisco-Oakland-Hayward, CA",41860,Metro,San Francisco,06075,San Francisco,92790,San Francisco,0667000
15041610,CA,06,"San Francisco-Oakland-Hayward, CA",41860,Metro,San Francisco,06075,San Francisco,92790,San Francisco,0667000
15041611,CA,06,"San Francisco-Oakland-Hayward, CA",41860,Metro,San Francisco,06075,San Francisco,92790,San Francisco,0667000
15041612,CA,06,"San Francisco-Oakland-Hayward, CA",41860,Metro,San Francisco,06075,San Francisco,92790,San Francisco,0667000
15041613,CA,06,"San Francisco-Oakland-Hayward, CA",41860,Metro,San Francisco,06075,San Francisco,92790,San Francisco,0667000
15041614,CA,06,"San Francisco-Oakland-Hayward, CA",41860,Metro,San Francisco,06075,San Francisco,92790,San Francisco,0667000
15041615,CA,06,"San Francisco-Oakland-Hayward, CA",41860,Metro,San Francisco,06075,San Francisco,92790,San Francisco,0667000
15041616,CA,06,"San Francisco-Oakland-Hayward, CA",41860,Metro,San Francisco,06075,San Francisco,92790,San Francisco,0667000
15041617,CA,06,"San Francisco-Oakland-Hayward, CA",41860,Metro,San Francisco,06075,San Francisco,92790,San Francisco,0667000
15041618,CA,06,"San Francisco-Oakland-Hayward, CA",41860,Metro,San Francisco,06075,San Francisco,92790,San Francisco,0667000
15041619,CA,06,"San Francisco-Oakland-Hayward, CA",41860,Metro,San Francisco,06075,San Francisco,92790,San Francisco,0667000
15041620,CA,06,"San Francisco-Oakland-Hayward, CA",41860,Metro,San Francisco,06075,San Francisco,92790,San Francisco,0667000
15041621,CA,06,"San Francisco-Oakland-Hayward, CA",41860,Metro,San Francisco,06075,San Francisco,92790,San Francisco,0667000
15041622,CA,06,"San Francisco-Oakland-Hayward, CA",41860,Macro,San Francisco,06075,San Francisco,92790,San Francisco,0667000
15041623,CA,06,"San Francisco-Oakland-Hayward, CA",41860,Macro,San Francisco,06075,San Francisco,92790,San Francisco,0667000
15041624,CA,06,"San Francisco-Oakland-Hayward, CA",41860,Metro,San Francisco,06075,San Francisco,92790,San Francisco,0667000
15041625,CA,06,"San Francisco-Oakland-Hayward, CA",41860,Metro,San Francisco,06075,San Francisco,92790,San Francisco,0667000
15041626,CA,06,"San Francisco-Oakland-Hayward, CA",41860,Metro,San Francisco,06075,San Francisco,92790,San Francisco,0667000
15041627,CA,06,"San Francisco-Oakland-Hayward, CA",41860,Metro,San Francisco,06075,San Francisco,92790,San Francisco,0667000
15041628,CA,06,"San Francisco-Oakland-Hayward, CA",41860,Metro,San Francisco,06075,San Francisco,92790,San Francisco,0667000
15041629,CA,06,"San Francisco-Oakland-Hayward, CA",41860,Metro,San Francisco,06075,San Francisco,92790,San Francisco,0667000
15041631,CA,06,"San Francisco-Oakland-Hayward, CA",41860,Metro,San Francisco,06075,San Francisco,92790,San Francisco,0667000
15041632,CA,06,"San Francisco-Oakland-Hayward, CA",41860,Metro,San Francisco,06075,San Francisco,92790,San Francisco,0667000
15041633,CA,06,"San Francisco-Oakland-Hayward, CA",41860,Metro,San Francisco,06075,San Francisco,92790,San Francisco,0667000
15041634,CA,06,"San Francisco-Oakland-Hayward, CA",41860,Metro,San Francisco,06075,San Francisco,92790,San Francisco,0667000
15041635,CA,06,"San Francisco-Oakland-Hayward, CA",41860,Metro,San Francisco,06075,San Francisco,92790,San Francisco,0667000
15041636,CA,06,"San Francisco-Oakland-Hayward, CA",41860,Metro,San Francisco,06075,San Francisco,92790,San Francisco,0667000
15041637,CA,06,"San Francisco-Oakland-Hayward, CA",41860,Metro,San Francisco,06075,San Francisco,92790,San Francisco,0667000
15041638,CA,06,"San Francisco-Oakland-Hayward, CA",41860,Metro,San Francisco,06075,San Francisco,92790,San Francisco,0667000
15041639,CA,06,"San Francisco-Oakland-Hayward, CA",41860,Metro,San Francisco,06075,San Francisco,92790,San Francisco,0667000
15041640,CA,06,"San Francisco-Oakland-Hayward, CA",41860,Metro,San Francisco,06075,San Francisco,92790,San Francisco,0667000
15041641,CA,06,"San Francisco-Oakland-Hayward, CA",41860,Metro,San Francisco,06075,San Francisco,92790,San Francisco,0667000
15041642,CA,06,"San Francisco-Oakland-Hayward, CA",41860,Metro,San Francisco,06075,San Francisco,92790,San Francisco,0667000
15041643,CA,06,"San Francisco-Oakland-Hayward, CA",41860,Metro,San Francisco,06075,San Francisco,92790,San Francisco,0667000
15041644,CA,06,"San Francisco-Oakland-Hayward, CA",41860,Metro,San Francisco,06075,San Francisco,92790,San Francisco,0667000
15041646,CA,06,"San Francisco-Oakland-Hayward, CA",41860,Metro,San Francisco,06075,San Francisco,92790,San Francisco,0667000
15041647,CA,06,"San Francisco-Oakland-Hayward, CA",41860,Metro,San Francisco,06075,San Francisco,92790,San Francisco,0667000
15041650,CA,06,"San Francisco-Oakland-Hayward, CA",41860,Metro,San Francisco,06075,San Francisco,92790,San Francisco,0667000
15041651,CA,06,"San Francisco-Oakland-Hayward, CA",41860,Metro,San Francisco,06075,San Francisco,92790,San Francisco,0667000
15041654,CA,06,"San Francisco-Oakland-Hayward, CA",41860,Metro,San Francisco,06075,San Francisco,92790,San Francisco,0667000
15041655,CA,06,"San Francisco-Oakland-Hayward, CA",41860,Metro,San Francisco,06075,San Francisco,92790,San Francisco,0667000
15041656,CA,06,"San Francisco-Oakland-Hayward, CA",41860,Metro,San Francisco,06075,San Francisco,92790,San Francisco,0667000
15041657,CA,06,"San Francisco-Oakland-Hayward, CA",41860,Metro,San Francisco,06075,San Francisco,92790,San Francisco,0667000
15041658,CA,06,"San Francisco-Oakland-Hayward, CA",41860,Metro,San Francisco,06075,San Francisco,92790,San Francisco,0667000
15041661,CA,06,"San Francisco-Oakland-Hayward, CA",41860,Metro,San Francisco,06075,San Francisco,92790,San Francisco,0667000
15041662,CA,06,"San Francisco-Oakland-Hayward, CA",41860,Metro,San Francisco,06075,San Francisco,92790,San Francisco,0667000
15041663,CA,06,"San Francisco-Oakland-Hayward, CA",41860,Metro,San Francisco,06075,San Francisco,92790,San Francisco,0667000
15041664,CA,06,"San Francisco-Oakland-Hayward, CA",41860,Metro,San Francisco,06075,San Francisco,92790,San Francisco,0667000
15041665,CA,06,"San Francisco-Oakland-Hayward, CA",41860,Metro,San Francisco,06075,San Francisco,92790,San Francisco,0667000
15041666,CA,06,"San Francisco-Oakland-Hayward, CA",41860,Metro,San Francisco,06075,San Francisco,92790,San Francisco,0667000
15041668,CA,06,"San Francisco-Oakland-Hayward, CA",41860,Metro,San Francisco,06075,San Francisco,92790,San Francisco,0667000
15041669,CA,06,"San Francisco-Oakland-Hayward, CA",41860,Metro,San Francisco,06075,San Francisco,92790,San Francisco,0667000
15041670,CA,06,"San Francisco-Oakland-Hayward, CA",41860,Metro,San Francisco,06075,San Francisco,92790,San Francisco,0667000
15041672,CA,06,"San Francisco-Oakland-Hayward, CA",41860,Metro,San Francisco,06075,San Francisco,92790,San Francisco,0667000
15041673,CA,06,"San Francisco-Oakland-Hayward, CA",41860,Metro,San Francisco,06075,San Francisco,92790,San Francisco,0667000
15041674,CA,06,"San Francisco-Oakland-Hayward, CA",41860,Metro,San Francisco,06075,San Francisco,92790,San Francisco,0667000
15041676,CA,06,"San Francisco-Oakland-Hayward, CA",41860,Metro,San Francisco,06075,San Francisco,92790,San Francisco,0667000
15041677,CA,06,"San Francisco-Oakland-Hayward, CA",41860,Metro,San Francisco,06075,San Francisco,92790,San Francisco,0667000
15041679,CA,06,"San Francisco-Oakland-Hayward, CA",41860,Metro,San Francisco,06075,San Francisco,92790,San Francisco,0667000
15041680,CA,06,"San Francisco-Oakland-Hayward, CA",41860,Macro,San Francisco,06075,San Francisco,92790,San Francisco,0667000
15041884,CA,06,"San Francisco-Oakland-Hayward, CA",41860,Metro,San Mateo,06081,San Mateo,92870,San Mateo,0668252
15041885,CA,06,"San Francisco-Oakland-Hayward, CA",41860,Macro,San Mateo,06081,San Mateo,92870,Foster City,0625338
15041886,CA,06,"San Francisco-Oakland-Hayward, CA",41860,Metro,San Mateo,06081,San Mateo,92870,San Mateo,0668252
15041887,CA,06,"San Francisco-Oakland-Hayward, CA",41860,Metro,San Mateo,06081,San Mateo,92870,Foster City,0625338
15041888,CA,06,"San Francisco-Oakland-Hayward, CA",41860,Metro,San Mateo,06081,San Mateo,92870,San Mateo,0668252
15041889,CA,06,"San Francisco-Oakland-Hayward, CA",41860,Metro,San Mateo,06081,San Mateo,92870,San Mateo,0668252
15041890,CA,06,"San Francisco-Oakland-Hayward, CA",41860,Metro,San Mateo,06081,San Mateo,92870,San Mateo,0668252
15041891,CA,06,"San Francisco-Oakland-Hayward, CA",41860,Metro,San Mateo,06081,San Mateo,92870,Foster City,0625338
15041892,CA,06,"San Francisco-Oakland-Hayward, CA",41860,Metro,San Mateo,06081,San Mateo,92870,Foster City,0625338
15041893,CA,06,"San Francisco-Oakland-Hayward, CA",41860,Metro,San Mateo,06081,San Mateo,92870,San Mateo,0668252
15041894,CA,06,"San Francisco-Oakland-Hayward, CA",41860,Metro,San Mateo,06081,San Mateo,92870,Highlands-Baywood Park,0633633
15041895,CA,06,"San Francisco-Oakland-Hayward, CA",41860,Metro,San Mateo,06081,San Mateo,92870,San Mateo,0668252
15041896,CA,06,"San Francisco-Oakland-Hayward, CA",41860,Metro,San Mateo,06081,San Mateo,92870,San Mateo,0668252
15041897,CA,06,"San Francisco-Oakland-Hayward, CA",41860,Metro,San Mateo,06081,San Mateo,92870,San Mateo,0668252
15041898,CA,06,"San Francisco-Oakland-Hayward, CA",41860,Metro,San Mateo,06081,San Mateo,92870,San Mateo,0668252
15041899,CA,06,"San Francisco-Oakland-Hayward, CA",41860,Metro,San Mateo,06081,San Mateo,92870,San Mateo,0668252
15041900,CA,06,"San Francisco-Oakland-Hayward, CA",41860,Macro,San Mateo,06081,San Mateo,92870,San Mateo,0668252
15041901,CA,06,"San Francisco-Oakland-Hayward, CA",41860,Metro,San Mateo,06081,San Mateo,92870,San Mateo,0668252
15041902,CA,06,"San Francisco-Oakland-Hayward, CA",41860,Metro,San Mateo,06081,San Mateo,92870,San Mateo,0668252
15041903,CA,06,"San Francisco-Oakland-Hayward, CA",41860,Metro,San Mateo,06081,San Mateo,92870,San Mateo,0668252
15041904,CA,06,"San Francisco-Oakland-Hayward, CA",41860,Metro,San Mateo,06081,San Mateo,92870,San Mateo,0668252
15041905,CA,06,"San Francisco-Oakland-Hayward, CA",41860,Macro,San Mateo,06081,South San Francisco,93170,Burlingame,0609066
15041906,CA,06,"San Francisco-Oakland-Hayward, CA",41860,Metro,San Mateo,06081,South San Francisco,93170,San Bruno,0665028
15041907,CA,06,"San Francisco-Oakland-Hayward, CA",41860,Metro,San Mateo,06081,San Mateo,92870,San Mateo,0668252
15041908,CA,06,"San Francisco-Oakland-Hayward, CA",41860,Macro,San Mateo,06081,South San Francisco,93170,Millbrae,0647486
15041909,CA,06,"San Francisco-Oakland-Hayward, CA",41860,Macro,San Mateo,06081,South San Francisco,93170,San Bruno,0665028
15041910,CA,06,"San Francisco-Oakland-Hayward, CA",41860,Metro,San Mateo,06081,San Mateo,92870,San Mateo,0668252
15041911,CA,06,"San Francisco-Oakland-Hayward, CA",41860,Metro,San Mateo,06081,San Mateo,92870,San Mateo,0668252
15042217,CA,06,"San Francisco-Oakland-Hayward, CA",41860,Metro,San Mateo,06081,San Mateo,92870,Belmont,0605108
15042218,CA,06,"San Francisco-Oakland-Hayward, CA",41860,Metro,San Mateo,06081,San Mateo,92870,Atherton,0603092
15042219,CA,06,"San Francisco-Oakland-Hayward, CA",41860,Metro,San Mateo,06081,San Mateo,92870,Redwood City,0660102
15042220,CA,06,"San Francisco-Oakland-Hayward, CA",41860,Metro,San Mateo,06081,San Mateo,92870,Redwood City,0660102
15042221,CA,06,"San Francisco-Oakland-Hayward, CA",41860,Metro,San Mateo,06081,San Mateo,92870,,
15042222,CA,06,"San Francisco-Oakland-Hayward, CA",41860,Metro,San Mateo,06081,San Mateo,92870,North Fair Oaks,0651840
15042405,CA,06,"San Francisco-Oakland-Hayward, CA",41860,Metro,San Mateo,06081,South San Francisco,93170,South San Francisco,0673262
15042406,CA,06,"San Francisco-Oakland-Hayward, CA",41860,Metro,San Mateo,06081,South San Francisco,93170,South San Francisco,0673262
15042407,CA,06,"San Francisco-Oakland-Hayward, CA",41860,Metro,San Mateo,06081,South San Francisco,93170,South San Francisco,0673262
15042408,CA,06,"San Francisco-Oakland-Hayward, CA",41860,Metro,San Mateo,06081,South San Francisco,93170,South San Francisco,0673262
15042409,CA,06,"San Francisco-Oakland-Hayward, CA",41860,Metro,San Mateo,06081,South San Francisco,93170,Daly City,0617918
15042410,CA,06,"San Francisco-Oakland-Hayward, CA",41860,Metro,San Mateo,06081,South San Francisco,93170,South San Francisco,0673262
15042411,CA,06,"San Francisco-Oakland-Hayward, CA",41860,Metro,San Mateo,06081,South San Francisco,93170,San Bruno,0665028
15042412,CA,06,"San Francisco-Oakland-Hayward, CA",41860,Metro,San Mateo,06081,South San Francisco,93170,South San Francisco,0673262
15042413,CA,06,"San Francisco-Oakland-Hayward, CA",41860,Metro,San Mateo,06081,South San Francisco,93170,,
15042414,CA,06,"San Francisco-Oakland-Hayward, CA",41860,Metro,San Mateo,06081,South San Francisco,93170,Daly City,0617918
15042415,CA,06,"San Francisco-Oakland-Hayward, CA",41860,Metro,San Mateo,06081,South San Francisco,93170,South San Francisco,0673262
15042416,CA,06,"San Francisco-Oakland-Hayward, CA",41860,Metro,San Mateo,06081,South San Francisco,93170,South San Francisco,0673262
15042417,CA,06,"San Francisco-Oakland-Hayward, CA",41860,Metro,San Mateo,06081,South San Francisco,93170,South San Francisco,0673262
15042418,CA,06,"San Francisco-Oakland-Hayward, CA",41860,Metro,San Mateo,06081,South San Francisco,93170,South San Francisco,0673262
15042419,CA,06,"San Francisco-Oakland-Hayward, CA",41860,Metro,San Mateo,06081,South San Francisco,93170,South San Francisco,0673262
15043211,CA,06,"San Francisco-Oakland-Hayward, CA",41860,Metro,San Mateo,06081,San Mateo,92870,Woodside,0686440
15043489,CA,06,"San Francisco-Oakland-Hayward, CA",41860,Metro,San Mateo,06081,San Mateo,92870,Redwood City,0660102
15043490,CA,06,"San Francisco-Oakland-Hayward, CA",41860,Metro,San Mateo,06081,San Mateo,92870,Highlands-Baywood Park,0633633
15043493,CA,06,"San Francisco-Oakland-Hayward, CA",41860,Metro,San Mateo,06081,San Mateo,92870,Highlands-Baywood Park,0633633
15043498,CA,06,"San Francisco-Oakland-Hayward, CA",41860,Metro,San Mateo,06081,San Mateo,92870,,
15043658,CA,06,"San Francisco-Oakland-Hayward, CA",41860,Metro,San Francisco,06075,San Francisco,92790,San Francisco,0667000
15043659,CA,06,"San Francisco-Oakland-Hayward, CA",41860,Metro,San Francisco,06075,San Francisco,92790,San Francisco,0667000
15043660,CA,06,"San Francisco-Oakland-Hayward, CA",41860,Metro,San Francisco,06075,San Francisco,92790,San Francisco,0667000
15043661,CA,06,"San Francisco-Oakland-Hayward, CA",41860,Metro,San Francisco,06075,San Francisco,92790,San Francisco,0667000
15131769,CA,06,"San Francisco-Oakland-Hayward, CA",41860,Metro,San Francisco,06075,San Francisco,92790,San Francisco,0667000
15138146,CA,06,"San Francisco-Oakland-Hayward, CA",41860,Metro,San Mateo,06081,San Mateo,92870,San Mateo,0668252
15138147,CA,06,"San Francisco-Oakland-Hayward, CA",41860,Metro,San Mateo,06081,San Mateo,92870,San Mateo,0668252
15138148,CA,06,"San Francisco-Oakland-Hayward, CA",41860,Metro,San Mateo,06081,San Mateo,92870,San Mateo,0668252
15138149,CA,06,"San Francisco-Oakland-Hayward, CA",41860,Macro,San Mateo,06081,San Mateo,92870,San Mateo,0668252
15138150,CA,06,"San Francisco-Oakland-Hayward, CA",41860,Metro,San Mateo,06081,San Mateo,92870,San Mateo,0668252
15138861,CA,06,"San Francisco-Oakland-Hayward, CA",41860,Metro,San Mateo,06081,San Mateo,92870,East Palo Alto,0620956
15138865,CA,06,"San Francisco-Oakland-Hayward, CA",41860,Metro,San Mateo,06081,San Mateo,92870,East Palo Alto,0620956
15139141,CA,06,"San Francisco-Oakland-Hayward, CA",41860,Macro,San Mateo,06081,South San Francisco,93170,Burlingame,0609066
15141404,CA,06,"San Francisco-Oakland-Hayward, CA",41860,Metro,San Francisco,06075,San Francisco,92790,San Francisco,0667000
15141406,CA,06,"San Francisco-Oakland-Hayward, CA",41860,Metro,San Francisco,06075,San Francisco,92790,San Francisco,0667000
15141409,CA,06,"San Francisco-Oakland-Hayward, CA",41860,Metro,San Francisco,06075,San Francisco,92790,San Francisco,0667000
15141410,CA,06,"San Francisco-Oakland-Hayward, CA",41860,Metro,San Francisco,06075,San Francisco,92790,San Francisco,0667000
15144303,CA,06,"San Francisco-Oakland-Hayward, CA",41860,Metro,San Francisco,06075,San Francisco,92790,San Francisco,0667000
15144329,CA,06,"San Francisco-Oakland-Hayward, CA",41860,Metro,San Francisco,06075,San Francisco,92790,San Francisco,0667000
