obj_id,nces_schid,nces_disid,grtschl_id,choice,coextensiv,students,teachers,pk,kg,first,second,third,fourth,fifth,sixth,seventh,eighth,ninth,tenth,eleventh,twelfth,low_grade,high_grade,gender,school_typ,ed_level
15000485,00072279,,8091,false,false,216,11.8,,,,,,,,,,,,,,,,,C,R,E
15000486,00072315,,8092,false,false,371,56,,,,,,,,,,,,,,,,,C,R,O
15000487,00072326,,8093,false,false,282,15.4,,,,,,,,,,,,,,,,,C,R,E
15000489,00072359,,8095,false,false,298,13.9,,,,,,,,,,,,,,,,,C,R,E
15000490,00072428,,8096,false,false,197,10.6,,,,,,,,,,,,,,,,,C,R,E
15000491,00072439,,8097,false,false,277,16.5,,,,,,,,,,,,,,,,,C,R,E
15000492,00072461,,8098,false,false,545,18,,,,,,,,,,,,,,,,,C,R,E
15000493,00072472,,8099,false,false,354,15.3,,,,,,,,,,,,,,,,,C,R,E
15000494,00072483,,8100,false,false,248,17.4,,,,,,,,,,,,,,,,,F,R,S
15000495,00072508,,8102,false,false,263,10,,,,,,,,,,,,,,,,,C,R,E
15000496,00072519,,8103,false,false,499,55.8,,,,,,,,,,,,,,,,,F,R,S
15000497,00072541,,8104,false,false,180,9,,,,,,,,,,,,,,,,,C,R,E
15000498,00072574,,8105,false,false,208,10,,,,,,,,,,,,,,,,,C,R,E
15000499,00072596,,8106,false,false,576,34.4,,,,,,,,,,,,,,,,,M,R,S
15000500,00072632,,8108,false,false,1270,104,,,,,,,,,,,,,,,,,C,R,S
15000501,00072654,,8109,false,false,453,25.6,,,,,,,,,,,,,,,,,C,R,E
15000502,00072665,,8110,false,false,130,5,,,,,,,,,,,,,,,,,C,R,E
15000503,00072676,,8111,false,false,327,18.5,,,,,,,,,,,,,,,,,C,R,E
15000504,00072687,,8112,false,false,260,12.9,,,,,,,,,,,,,,,,,C,R,E
15000505,00072698,,8113,false,false,590,19.1,,,,,,,,,,,,,,,,,C,R,E
15000506,00072701,,8114,false,false,236,11.3,,,,,,,,,,,,,,,,,C,R,E
15000507,00072712,,,false,false,108,8.3,,,,,,,,,,,,,,,,,C,R,E
15000508,00072723,,8116,false,false,134,7,,,,,,,,,,,,,,,,,C,R,E
15000509,00072745,,8118,false,false,219,10.6,,,,,,,,,,,,,,,,,F,R,E
15000510,00072756,,8119,false,false,513,26.1,,,,,,,,,,,,,,,,,C,R,E
15000511,00072767,,8120,false,false,1442,110,,,,,,,,,,,,,,,,,C,R,S
15000512,00072778,,8121,false,false,178,12.8,,,,,,,,,,,,,,,,,C,R,E
15000513,00072814,,8122,false,false,102,11.1,,,,,,,,,,,,,,,,,C,R,E
15000514,00072836,,8123,false,false,231,10.9,,,,,,,,,,,,,,,,,C,R,E
15000515,00072869,,8125,false,false,391,13,,,,,,,,,,,,,,,,,C,R,E
15000516,00072891,,8126,false,false,221,12.9,,,,,,,,,,,,,,,,,C,R,E
15000517,00072905,,8127,false,false,214,10,,,,,,,,,,,,,,,,,C,R,E
15000518,00072927,,8128,false,false,323,15.9,,,,,,,,,,,,,,,,,C,R,E
15000519,00072938,,8129,false,false,252,17.9,,,,,,,,,,,,,,,,,C,R,E
15000520,00072949,,8130,false,false,313,10.3,,,,,,,,,,,,,,,,,C,R,E
15000521,00072971,,8131,false,false,240,17.8,,,,,,,,,,,,,,,,,C,R,E
15000522,00072993,,8132,false,false,225,14.1,,,,,,,,,,,,,,,,,C,R,E
15000523,00073115,,8133,false,false,320,14.9,,,,,,,,,,,,,,,,,C,R,E
15000524,00073126,,8134,false,false,612,23,,,,,,,,,,,,,,,,,C,R,E
15000525,00073137,,8135,false,false,219,10.9,,,,,,,,,,,,,,,,,C,R,E
15000526,00073148,,8136,false,false,985,72.3,,,,,,,,,,,,,,,,,M,R,S
15000528,00073228,,8139,false,false,252,11.1,,,,,,,,,,,,,,,,,C,R,E
15000529,00073261,,8141,false,false,333,14.4,,,,,,,,,,,,,,,,,C,R,E
15000530,00073272,,8142,false,false,291,19.8,,,,,,,,,,,,,,,,,C,R,E
15000531,00073283,,8143,false,false,244,21.9,,,,,,,,,,,,,,,,,C,R,E
15000532,00073294,,8144,false,false,275,13.1,,,,,,,,,,,,,,,,,C,R,E
15000536,00073421,,8148,false,false,230,9.4,,,,,,,,,,,,,,,,,C,R,E
15000537,00073432,,8149,false,false,479,20.8,,,,,,,,,,,,,,,,,C,R,E
15000538,00073454,,8150,false,false,239,13.5,,,,,,,,,,,,,,,,,C,R,E
15000539,00073476,,8151,false,false,288,11.4,,,,,,,,,,,,,,,,,C,R,E
15000540,00073487,,8152,false,false,313,14.6,,,,,,,,,,,,,,,,,C,R,E
15000541,00073498,,8153,false,false,494,49.4,,,,,,,,,,,,,,,,,F,R,S
15000542,00073512,,8154,false,false,221,9.9,,,,,,,,,,,,,,,,,C,R,E
15000543,00073523,,8155,false,false,286,16.8,,,,,,,,,,,,,,,,,C,R,E
15000544,00073614,,8157,false,false,153,9.9,,,,,,,,,,,,,,,,,C,R,E
15000545,00073625,,15086,false,false,314,12.9,,,,,,,,,,,,,,,,,C,R,E
15000546,00073636,,8159,false,false,300,13.8,,,,,,,,,,,,,,,,,C,R,E
15000548,00073771,,24463,false,false,570,81,,,,,,,,,,,,,,,,,C,R,S
15000798,00078361,,8442,false,false,116,9.8,,,,,,,,,,,,,,,,,C,R,E
15000799,00078372,,8443,false,false,264,37.6,,,,,,,,,,,,,,,,,M,R,E
15000817,00079081,,8470,false,false,22,4,,,,,,,,,,,,,,,,,C,R,E
15000828,00079478,,8487,false,false,12,2,,,,,,,,,,,,,,,,,C,R,E
15000829,00079514,,8489,false,false,255,19.4,,,,,,,,,,,,,,,,,C,R,E
15000830,00079525,,8490,false,false,225,48.9,,,,,,,,,,,,,,,,,C,R,E
15000868,00080858,,8545,false,false,400,39.8,,,,,,,,,,,,,,,,,M,R,E
15000871,00080916,,8548,false,false,720,108,,,,,,,,,,,,,,,,,C,R,O
15000891,00081556,,8577,false,false,187,9,,,,,,,,,,,,,,,,,C,R,E
15000920,00082312,,8617,false,false,178,10.8,,,,,,,,,,,,,,,,,C,R,E
15000922,00082345,,8619,false,false,500,24.5,,,,,,,,,,,,,,,,,C,R,E
15000923,00082356,,8620,false,false,127,12.4,,,,,,,,,,,,,,,,,C,R,E
15000957,00083145,,8668,false,false,185,14.9,,,,,,,,,,,,,,,,,C,R,O
15000961,00083225,,8672,false,false,180,21,,,,,,,,,,,,,,,,,C,R,E
15000974,00083495,,8684,false,false,404,45,,,,,,,,,,,,,,,,,F,R,E
15000975,00083509,,8685,false,false,403,53.6,,,,,,,,,,,,,,,,,C,R,S
15000978,00083553,,8688,false,false,406,40.9,,,,,,,,,,,,,,,,,F,R,E
15000980,00083575,,8690,false,false,441,50.4,,,,,,,,,,,,,,,,,C,R,S
15001039,00086973,,8774,false,false,7,1,,,,,,,,,,,,,,,,,C,R,O
15001041,00087037,,8777,false,false,535,35.8,,,,,,,,,,,,,,,,,C,R,E
15001042,00087081,,8778,false,false,53,8.9,,,,,,,,,,,,,,,,,C,R,E
15001055,00087569,,8793,false,false,77,9.8,,,,,,,,,,,,,,,,,C,R,E
15001057,00087693,,8797,false,false,65,13.6,,,,,,,,,,,,,,,,,C,R,E
15001064,00087944,,8806,false,false,65,8,,,,,,,,,,,,,,,,,C,R,O
15001065,00088074,,8809,false,false,6,1.5,,,,,,,,,,,,,,,,,C,R,E
15001088,00089169,,8839,false,false,390,56,,,,,,,,,,,,,,,,,C,R,E
15001101,00089817,,8857,false,false,183,22.1,,,,,,,,,,,,,,,,,C,R,E
15001109,00090367,,,false,false,2,1,,,,,,,,,,,,,,,,,C,R,O
15001115,00090844,,8885,false,false,47,8.1,,,,,,,,,,,,,,,,,C,R,O
15001119,00090979,,8889,false,false,187,16.5,,,,,,,,,,,,,,,,,C,R,E
15001127,00091418,,8900,false,false,349,36.9,,,,,,,,,,,,,,,,,C,R,S
15001152,00092477,,8930,false,false,311,29.3,,,,,,,,,,,,,,,,,C,R,O
15001156,00092681,,8936,false,false,36,6.1,,,,,,,,,,,,,,,,,C,R,E
15001177,00093539,,8968,false,false,555,47.5,,,,,,,,,,,,,,,,,C,R,E
15001178,00093561,,12735,false,false,96,12.8,,,,,,,,,,,,,,,,,C,R,O
15001179,00093572,,8969,false,false,35,9.4,,,,,,,,,,,,,,,,,C,R,S
15001242,00096052,,9049,false,false,38,3,,,,,,,,,,,,,,,,,C,R,E
15001262,00096733,,9075,false,false,244,48,,,,,,,,,,,,,,,,,C,R,E
15002491,A0900551,,,false,false,18,2,,,,,,,,,,,,,,,,,C,R,S
15009586,01608968,,24219,false,false,353,49.5,,,,,,,,,,,,,,,,,F,R,E
15009640,01611234,,9121,false,false,886,114,,,,,,,,,,,,,,,,,C,R,O
15009924,01900215,,9265,false,false,412,43.4,,,,,,,,,,,,,,,,,C,R,O
15009928,01900394,,9270,false,false,214,25.9,,,,,,,,,,,,,,,,,C,R,E
15009935,01900601,,9279,false,false,119,12.1,,,,,,,,,,,,,,,,,C,R,S
15010537,02012353,,9436,false,false,20,4,,,,,,,,,,,,,,,,,C,R,O
15010538,02012375,,9437,false,false,91,11.3,,,,,,,,,,,,,,,,,C,R,E
15010539,02012397,,9438,false,false,982,42.9,,,,,,,,,,,,,,,,,C,R,O
15010541,02012841,,9442,false,false,125,12.1,,,,,,,,,,,,,,,,,C,R,O
15010542,02012874,,16642,false,false,217,25.3,,,,,,,,,,,,,,,,,C,R,E
15011421,02158814,,9538,false,false,240,25.3,,,,,,,,,,,,,,,,,C,R,S
15011714,A0101175,,13053,false,false,9,3.8,,,,,,,,,,,,,,,,,C,R,O
15011734,A0101312,,13500,false,false,154,28.4,,,,,,,,,,,,,,,,,M,R,S
15013075,A0300105,,13614,false,false,102,11.5,,,,,,,,,,,,,,,,,C,R,E
15013087,A0300149,,,false,false,1,2.6,,,,,,,,,,,,,,,,,C,R,E
15013090,A0300157,,15161,false,false,165,12.6,,,,,,,,,,,,,,,,,C,R,E
15013102,A0300233,,15193,false,false,116,7.8,,,,,,,,,,,,,,,,,C,R,E
15013115,A0300313,,15225,false,false,13,1,,,,,,,,,,,,,,,,,C,R,E
15013146,A0300492,,15296,false,false,26,2.9,,,,,,,,,,,,,,,,,C,R,O
15013147,A0300495,,15297,false,false,31,5.6,,,,,,,,,,,,,,,,,C,R,E
15013148,A0300498,,15298,false,false,24,5,,,,,,,,,,,,,,,,,C,R,S
15013172,A0300584,,15337,false,false,228,23.3,,,,,,,,,,,,,,,,,C,R,E
15014236,A0307314,,,false,false,10,1.3,,,,,,,,,,,,,,,,,C,N,E
15014443,A0500155,,16628,false,false,38,4.9,,,,,,,,,,,,,,,,,C,R,E
15014472,A0500380,,16633,false,false,48,4.9,,,,,,,,,,,,,,,,,C,R,E
15014477,A0500413,,24308,false,false,173,33.1,,,,,,,,,,,,,,,,,C,R,S
15014516,A0500626,,8161,false,false,492,72.6,,,,,,,,,,,,,,,,,C,R,E
15014522,A0500642,,,false,false,365,28,,,,,,,,,,,,,,,,,C,R,E
15014546,A0500717,,16585,false,false,273,33,,,,,,,,,,,,,,,,,C,R,S
15014556,A0500771,,16597,false,false,9,2.5,,,,,,,,,,,,,,,,,C,R,E
15014557,A0500778,,17368,false,false,27,5,,,,,,,,,,,,,,,,,C,R,O
15015927,A0700099,,,false,false,29,13.9,,,,,,,,,,,,,,,,,C,R,E
15017032,A0770270,,,false,false,10,2.6,,,,,,,,,,,,,,,,,C,N,E
15017055,A0770412,,,false,false,14,3.3,,,,,,,,,,,,,,,,,C,R,E
15017074,A0770448,,,false,false,24,1,,,,,,,,,,,,,,,,,C,N,E
15017580,A0900218,,,false,false,11,3.9,,,,,,,,,,,,,,,,,C,R,O
15017654,A0900413,,,false,false,8,2.4,,,,,,,,,,,,,,,,,C,R,S
15017662,A0900437,,,false,false,84,10,,,,,,,,,,,,,,,,,C,R,O
15017694,A0900527,,,false,false,78,24,,,,,,,,,,,,,,,,,C,R,S
15017713,A0900570,,26817,false,false,345,51.3,,,,,,,,,,,,,,,,,M,R,E
15019588,A0992015,,25564,false,false,5,1,,,,,,,,,,,,,,,,,C,R,S
15019670,A9100498,,9563,false,false,165,30.4,,,,,,,,,,,,,,,,,C,R,E
15019689,A9100571,,9593,false,false,174,15.5,,,,,,,,,,,,,,,,,C,R,E
15019690,A9100576,,9594,false,false,218,10,,,,,,,,,,,,,,,,,C,R,E
15019696,A9100595,,11283,false,false,9,2,,,,,,,,,,,,,,,,,C,R,E
15019721,A9100705,,9643,false,false,194,36.1,,,,,,,,,,,,,,,,,F,R,S
15019756,A9100865,,9696,false,false,182,19.3,,,,,,,,,,,,,,,,,C,R,E
15019787,A9101032,,9753,false,false,743,74,,,,,,,,,,,,,,,,,C,R,O
15019794,A9101061,,9764,false,false,28,3.9,,,,,,,,,,,,,,,,,C,R,E
15019803,A9101080,,9776,false,false,41,15.4,,,,,,,,,,,,,,,,,C,R,E
15019821,A9101169,,9818,false,false,217,28.6,,,,,,,,,,,,,,,,,C,R,E
15019849,A9101296,,9866,false,false,44,6,,,,,,,,,,,,,,,,,C,R,O
15019850,A9101302,,9867,false,false,18,3.5,,,,,,,,,,,,,,,,,C,R,E
15019852,A9101311,,9871,false,false,410,41.5,,,,,,,,,,,,,,,,,C,R,E
15019870,A9101385,,9901,false,false,101,24,,,,,,,,,,,,,,,,,C,R,O
15019891,A9101485,,9942,false,false,4,1,,,,,,,,,,,,,,,,,C,R,S
15021490,A9300194,,10007,false,false,547,49.1,,,,,,,,,,,,,,,,,F,R,S
15021795,A9302392,,10089,false,false,20,3.8,,,,,,,,,,,,,,,,,C,R,S
15021808,A9302442,,10102,false,false,59,11.4,,,,,,,,,,,,,,,,,C,R,O
15021825,A9302536,,10119,false,false,23,4.8,,,,,,,,,,,,,,,,,C,R,O
15022282,A9500631,,12920,false,false,12,2,,,,,,,,,,,,,,,,,C,R,E
15023117,A9504605,,10396,false,false,241,38,,,,,,,,,,,,,,,,,C,R,E
15023169,A9700462,,,false,false,12,3,,,,,,,,,,,,,,,,,C,N,E
15023171,A9700475,,,false,false,7,2,,,,,,,,,,,,,,,,,C,R,E
15023993,A9704779,,13372,false,false,16,2,,,,,,,,,,,,,,,,,C,N,E
15024030,A9705102,,,false,false,3,1,,,,,,,,,,,,,,,,,C,R,E
15024443,A9900352,,11392,false,false,260,34.1,,,,,,,,,,,,,,,,,C,R,O
15024467,A9900574,,11466,false,false,32,6.1,,,,,,,,,,,,,,,,,C,R,E
15024478,A9900640,,11493,false,false,43,4.4,,,,,,,,,,,,,,,,,C,R,E
15024480,A9900647,,11496,false,false,15,2,,,,,,,,,,,,,,,,,C,R,S
15024485,A9900680,,11503,false,false,54,11.4,,,,,,,,,,,,,,,,,C,R,O
15024495,A9900744,,11531,false,false,28,3.5,,,,,,,,,,,,,,,,,C,R,O
15024499,A9900759,,11536,false,false,35,7.1,,,,,,,,,,,,,,,,,C,R,S
15025331,AA000656,,10600,false,false,64,6.9,,,,,,,,,,,,,,,,,C,R,E
15025530,AA890059,,10622,false,false,104,16,,,,,,,,,,,,,,,,,C,R,O
15025533,AA890065,,11542,false,false,22,4.1,,,,,,,,,,,,,,,,,C,R,E
15027154,K9300715,,,false,false,54,8,,,,,,,,,,,,,,,,,C,R,E
15027155,K9300719,,,false,false,6,8,,,,,,,,,,,,,,,,,C,N,E
15027156,K9300731,,,false,false,16,1.9,,,,,,,,,,,,,,,,,C,N,E
15027157,K9300736,,13150,false,false,48,5,,,,,,,,,,,,,,,,,C,N,E
15027160,K9300745,,,false,false,12,22.5,,,,,,,,,,,,,,,,,C,N,E
15027161,K9300747,,,false,false,14,2,,,,,,,,,,,,,,,,,C,N,E
15027162,K9300752,,,false,false,13,1.6,,,,,,,,,,,,,,,,,C,N,E
15027164,K9300760,,,false,false,25,12.4,,,,,,,,,,,,,,,,,C,R,E
15027948,K9500141,,,false,false,7,3,,,,,,,,,,,,,,,,,C,R,E
15034275,060013911410,0600139,14999,false,false,,,false,false,false,false,false,false,false,false,false,false,true,true,true,true,09,12,,V,H
15034278,060014211433,0600142,15005,false,false,,,false,false,false,false,false,false,false,false,false,false,true,true,true,true,09,12,,V,H
15034411,060133412395,0601334,,false,false,,,false,false,false,false,false,false,false,false,false,false,true,true,true,true,09,12,,C,H
15034436,060141112672,0601411,25269,false,false,89,,false,false,false,false,false,false,false,false,false,false,true,true,true,true,09,12,,C,H
15034437,060141212768,0601412,25813,false,false,204,12,true,true,true,true,true,true,true,true,true,true,false,false,false,false,PK,08,,C,PM
15034945,060420000379,0604200,6835,false,true,200,9,true,true,true,true,true,true,true,true,true,true,false,false,false,false,PK,08,,R,P
15034946,060420000380,0604200,6836,false,true,178,7,true,true,true,true,true,true,true,true,true,true,false,false,false,false,PK,08,,R,PM
15034992,060453000414,0604530,6837,false,false,463,18,false,true,true,true,true,true,true,false,false,false,false,false,false,false,KG,05,,R,P
15034993,060453000416,0604530,6839,false,false,485,19,false,true,true,true,true,true,true,false,false,false,false,false,false,false,KG,05,,R,P
15034994,060453000418,0604530,6840,false,false,450,22,false,true,true,true,true,true,true,false,false,false,false,false,false,false,KG,05,,R,P
15034995,060453000419,0604530,6841,false,false,1130,49.43,false,false,false,false,false,false,false,true,true,true,false,false,false,false,06,08,,R,M
15034996,060453004019,0604530,6838,false,false,363,15,false,true,true,true,true,true,true,false,false,false,false,false,false,false,KG,05,,R,P
15034997,060453007417,0604530,6842,false,false,508,20,false,true,true,true,true,true,true,false,false,false,false,false,false,false,KG,05,,R,P
15034998,060453012574,0604530,25407,false,false,483,20,false,true,true,true,true,true,true,false,false,false,false,false,false,false,KG,05,,R,P
15035158,060606000541,0606060,6843,false,true,191,9,true,true,true,true,true,true,true,false,false,false,false,false,false,false,PK,05,,R,P
15035159,060606000542,0606060,6844,false,true,159,11,false,false,false,false,false,false,false,true,true,true,false,false,false,false,06,08,,R,M
15035160,060606000543,0606060,6845,false,true,106,6.3,false,true,true,true,true,true,true,false,false,false,false,false,false,false,KG,05,,R,P
15035225,060648000581,0606480,6846,false,true,1004,46.81,false,false,false,false,false,false,false,true,true,true,false,false,false,false,06,08,,R,M
15035226,060648000582,0606480,6847,false,false,599,24.5,false,true,true,true,true,true,true,false,false,false,false,false,false,false,KG,05,,R,P
15035227,060648000583,0606480,6848,false,false,495,21.1,false,true,true,true,true,true,true,false,false,false,false,false,false,false,KG,05,,R,P
15035228,060648000584,0606480,6849,false,false,522,23,false,true,true,true,true,true,true,false,false,false,false,false,false,false,KG,05,,R,P
15035229,060648000586,0606480,6851,false,false,342,15.5,false,true,true,true,true,true,true,false,false,false,false,false,false,false,KG,05,,R,P
15035230,060648007418,0606480,6850,false,false,338,15.8,false,true,true,true,true,true,true,false,false,false,false,false,false,false,KG,05,,R,P
15037334,061719002172,0617190,6859,false,true,540,33.07,false,false,false,false,false,false,false,true,true,true,false,false,false,false,06,08,,R,M
15037335,061719002174,0617190,6861,false,false,255,14,false,true,true,true,true,true,true,false,false,false,false,false,false,false,KG,05,,R,P
15037336,061719002175,0617190,6862,false,false,387,18,false,true,true,true,true,true,true,false,false,false,false,false,false,false,KG,05,,R,P
15037337,061719009853,0617190,6860,false,false,354,18,false,true,true,true,true,true,true,false,false,false,false,false,false,false,KG,05,,R,P
15037440,061887002278,0618870,6868,false,false,696,29.34,false,false,false,false,false,false,false,true,true,true,false,false,false,false,06,08,,R,M
15037441,061887002281,0618870,6871,false,false,696,29.3,false,false,false,false,false,false,false,true,true,true,false,false,false,false,06,08,,R,M
15037442,061887002282,0618870,6876,false,false,455,18,false,true,true,true,true,true,true,true,false,false,false,false,false,false,KG,06,,R,PM
15037443,061887002283,0618870,6872,false,false,477,21,false,false,false,false,false,false,false,false,true,true,false,false,false,false,07,08,,R,M
15037444,061887002284,0618870,6873,false,false,334,16,true,true,true,true,true,true,true,true,true,true,false,false,false,false,PK,08,,R,PM
15037445,061887002285,0618870,6869,false,false,323,14,false,true,true,true,true,true,true,false,false,false,false,false,false,false,KG,05,,R,P
15037446,061887002286,0618870,6875,false,false,379,18,false,true,true,true,true,true,true,false,false,false,false,false,false,false,KG,05,,R,P
15037447,061887002287,0618870,6870,false,false,418,19,false,true,true,true,true,true,true,false,false,false,false,false,false,false,KG,05,,R,P
15037448,061887002288,0618870,6864,false,false,355,15.7,false,true,true,true,true,true,true,true,false,false,false,false,false,false,KG,06,,R,PM
15037449,061887002289,0618870,6874,false,false,401,16,false,true,true,true,true,true,true,true,false,false,false,false,false,false,KG,06,,R,PM
15037450,061887002290,0618870,6867,false,false,407,15,false,true,true,true,true,true,true,true,false,false,false,false,false,false,KG,06,,R,PM
15037451,061887002291,0618870,6877,false,false,422,18,false,true,true,true,true,true,true,true,false,false,false,false,false,false,KG,06,,R,PM
15037452,061887002292,0618870,6878,false,false,366,15,false,true,true,true,true,true,true,true,false,false,false,false,false,false,KG,06,,R,PM
15037453,061887007778,0618870,6863,false,false,548,22,false,true,true,true,true,true,true,false,false,false,false,false,false,false,KG,05,,R,P
15037454,061893001427,0618930,6879,false,false,181,11.05,false,false,false,false,false,false,false,false,false,false,true,true,true,true,09,12,,A,H
15037455,061893002293,0618930,6880,false,true,1135,51.93,false,false,false,false,false,false,false,false,false,false,true,true,true,true,09,12,,R,H
15037456,061893002294,0618930,6881,false,true,628,29.05,false,false,false,false,false,false,false,false,false,false,true,true,true,true,09,12,,A,H
15037457,061893002296,0618930,6882,false,true,1037,46.7,false,false,false,false,false,false,false,false,false,false,true,true,true,true,09,12,,R,H
15037458,061893002298,0618930,6883,false,true,1690,72.53,false,false,false,false,false,false,false,false,false,false,true,true,true,true,09,12,,R,H
15037674,062046002458,0620460,6884,false,true,554,22.87,false,true,true,true,true,true,true,true,true,true,false,false,false,false,KG,08,,R,PM
15037675,062046002460,0620460,6886,false,true,43,1.18,true,false,false,false,false,false,false,false,false,false,false,false,false,false,PK,PK,,R,PM
15037676,062046002469,0620460,6891,false,true,414,17.75,false,true,true,true,true,true,true,true,true,true,false,false,false,false,KG,08,,R,PM
15037677,062046002470,0620460,6892,false,true,521,20.87,false,true,true,true,true,true,true,true,true,true,false,false,false,false,KG,08,,R,PM
15037678,062046002471,0620460,6893,false,true,544,22.5,false,true,true,true,true,true,true,false,false,false,false,false,false,false,KG,05,,R,P
15037679,062046010657,0620460,12232,false,true,559,24.67,false,false,false,false,false,false,false,true,true,true,false,false,false,false,06,08,,R,M
15037680,062046011430,0620460,13919,false,true,513,22,false,true,true,true,true,true,true,false,false,false,false,false,false,false,KG,05,,R,P
15037946,062238002674,0622380,6898,false,true,776,40.95,false,false,false,false,false,true,true,true,true,true,false,false,false,false,04,08,,R,PM
15037947,062238002675,0622380,6899,false,true,610,30,false,true,true,true,true,false,false,false,false,false,false,false,false,false,KG,03,,R,P
15039262,062457003682,0624570,6900,false,false,792,41.16,false,true,true,true,true,true,true,false,false,false,false,false,false,false,KG,05,,R,P
15039263,062457003683,0624570,6901,false,false,881,49.48,false,false,false,false,false,false,false,true,true,true,false,false,false,false,06,08,,R,M
15039264,062457003684,0624570,6902,false,false,465,25.06,false,true,true,true,true,false,false,false,false,false,false,false,false,false,KG,03,,R,P
15039265,062457003685,0624570,6903,false,false,766,37.4,false,true,true,true,true,true,true,false,false,false,false,false,false,false,KG,05,,R,P
15039314,062490003717,0624900,6904,false,false,410,17,false,true,true,true,true,true,true,false,false,false,false,false,false,false,KG,05,,R,P
15039315,062490003718,0624900,6905,false,false,316,14,false,true,true,true,true,true,true,false,false,false,false,false,false,false,KG,05,,R,P
15039316,062490003719,0624900,6906,false,false,424,17.6,false,true,true,true,true,true,true,false,false,false,false,false,false,false,KG,05,,R,P
15039317,062490003721,0624900,6907,false,false,431,15.8,false,true,true,true,true,true,true,false,false,false,false,false,false,false,KG,05,,R,P
15039318,062490003722,0624900,6908,false,true,881,40,false,false,false,false,false,false,false,true,true,true,false,false,false,false,06,08,,R,M
15040640,063147004881,0631470,6909,false,true,349,24.94,false,false,false,false,false,true,true,true,true,true,false,false,false,false,04,08,,R,PM
15040641,063147004882,0631470,6910,false,true,279,14,false,true,true,true,true,false,false,false,false,false,false,false,false,false,KG,03,,R,P
15040698,063186004913,0631860,6911,false,false,591,26.86,true,true,true,true,true,true,true,true,true,true,false,false,false,false,PK,08,,R,PM
15040699,063186004914,0631860,6912,false,false,223,10,false,false,false,false,false,false,false,true,true,true,false,false,false,false,06,08,,R,M
15040700,063186004915,0631860,6914,false,false,564,24.69,true,true,true,true,true,true,true,true,true,true,false,false,false,false,PK,08,,R,PM
15040701,063186004916,0631860,6913,false,false,183,6.5,false,true,true,true,true,true,true,true,true,true,false,false,false,false,KG,08,,R,M
15040702,063186004917,0631860,6921,false,false,705,28,false,true,true,true,true,true,true,true,true,true,false,false,false,false,KG,08,,R,PM
15040703,063186007420,0631860,6915,false,false,759,34.58,false,true,true,true,true,true,true,true,true,true,false,false,false,false,KG,08,,C,PM
15040704,063186008946,0631860,6918,false,false,532,23,false,true,true,true,true,true,true,false,false,false,false,false,false,false,KG,05,,R,P
15040751,063213004962,0632130,6923,false,false,727,31,false,true,true,true,true,true,true,true,true,true,false,false,false,false,KG,08,,R,PM
15040752,063213004963,0632130,6924,false,false,776,29.45,false,true,true,true,true,true,true,true,true,true,false,false,false,false,KG,08,,R,PM
15040753,063213004964,0632130,6925,false,false,341,13.5,false,true,true,true,true,true,true,false,false,false,false,false,false,false,KG,05,,R,P
15040754,063213004965,0632130,6927,false,false,644,26,false,true,true,true,true,true,true,true,true,true,false,false,false,false,KG,08,,R,PM
15040755,063213004966,0632130,6929,false,false,399,15,false,true,true,true,true,true,true,false,false,false,false,false,false,false,KG,05,,R,P
15040756,063213004967,0632130,6926,false,false,426,16,false,true,true,true,true,true,true,false,false,false,false,false,false,false,KG,05,,R,P
15040757,063213004968,0632130,6930,false,false,787,32,false,true,true,true,true,true,true,true,true,true,false,false,false,false,KG,08,,R,PM
15040758,063213004969,0632130,6928,false,false,408,16.6,false,true,true,true,true,true,true,false,false,false,false,false,false,false,KG,05,,R,P
15040759,063213004970,0632130,6931,false,false,728,36.3,false,false,false,false,false,false,false,true,true,true,false,false,false,false,06,08,,R,M
15040760,063213004971,0632130,6932,false,false,384,17.89,false,false,false,false,false,false,false,true,true,true,false,false,false,false,06,08,,M,M
15040761,063213004972,0632130,6934,false,false,658,25.9,false,true,true,true,true,true,true,true,true,true,false,false,false,false,KG,08,,R,PM
15040762,063213004973,0632130,6935,false,false,729,31.86,false,true,true,true,true,true,true,true,true,true,false,false,false,false,KG,08,,R,PM
15040763,063213004974,0632130,6936,false,false,524,22,false,true,true,true,true,true,true,false,false,false,false,false,false,false,KG,05,,R,P
15040764,063213007421,0632130,6922,false,false,515,18,false,true,true,true,true,true,true,false,false,false,false,false,false,false,KG,05,,M,PM
15040765,063213007422,0632130,6933,false,false,532,20,false,false,false,false,true,true,true,true,true,true,false,false,false,false,03,08,,M,PM
15040766,063213008182,0632130,11145,false,false,241,8.95,false,true,true,true,true,true,true,false,false,false,false,false,false,false,KG,05,,M,P
15041292,063423005393,0634230,6937,false,false,361,13,false,true,true,true,true,true,true,false,false,false,false,false,false,false,KG,05,,R,P
15041293,063423005394,0634230,6938,false,false,323,12,false,true,true,true,true,true,true,false,false,false,false,false,false,false,KG,05,,R,P
15041295,063423005396,0634230,6940,false,false,245,10,false,true,true,true,true,true,true,false,false,false,false,false,false,false,KG,05,,R,P
15041296,063423005397,0634230,6941,false,false,352,12,false,true,true,true,true,true,true,false,false,false,false,false,false,false,KG,05,,R,P
15041297,063423005398,0634230,6942,false,true,859,36,false,false,false,false,false,false,false,true,true,true,false,false,false,false,06,08,,R,M
15041298,063423005399,0634230,6943,false,false,290,13,false,true,true,true,true,true,true,false,false,false,false,false,false,false,KG,05,,R,P
15041299,063423008626,0634230,11860,false,false,352,12.36,false,true,true,true,true,true,true,false,false,false,false,false,false,false,KG,05,,R,P
15041300,063429004029,0634290,6947,false,false,352,14.95,false,true,true,true,true,true,true,true,true,true,false,false,false,false,KG,08,,C,PM
15041301,063429005400,0634290,6944,false,false,513,23,false,true,true,true,true,true,false,false,false,false,false,false,false,false,KG,04,,C,P
15041302,063429005401,0634290,6945,false,false,431,20,false,true,true,true,true,true,false,false,false,false,false,false,false,false,KG,04,,C,P
15041303,063429005402,0634290,6946,false,false,687,31.9,false,false,false,false,false,false,false,true,true,true,false,false,false,false,06,08,,R,PM
15041304,063429005403,0634290,6948,false,false,444,21,false,true,true,true,true,true,false,false,false,false,false,false,false,false,KG,04,,C,P
15041305,063429005405,0634290,6949,false,false,384,16.8,false,true,true,true,true,true,false,false,false,false,false,false,false,false,KG,04,,C,P
15041306,063429008627,0634290,11861,false,false,639,29.2,false,false,false,false,false,false,true,true,true,true,false,false,false,false,05,08,,C,PM
15041531,063441001276,0634410,6339,false,false,624,30.2,false,false,false,false,false,false,false,false,false,false,true,true,true,true,09,12,,A,H
15041532,063441003976,0634410,6404,false,false,450,35.61,false,false,false,false,false,false,false,false,false,false,true,true,true,true,09,12,,R,H
15041533,063441003982,0634410,6355,false,false,413,20,false,true,true,true,true,true,true,true,true,true,false,false,false,false,KG,08,,C,PM
15041534,063441005360,0634410,6455,false,false,579,22.67,false,true,true,true,true,true,true,true,true,true,false,false,false,false,KG,08,,R,PM
15041535,063441005369,0634410,6349,false,false,273,11.25,false,true,true,true,true,true,true,false,false,false,false,false,false,false,KG,05,,R,P
15041536,063441005580,0634410,6372,false,false,1175,49.05,false,false,false,false,false,false,false,true,true,true,false,false,false,false,06,08,,R,M
15041537,063441005581,0634410,6395,false,false,2027,94.69,false,false,false,false,false,false,false,false,false,false,true,true,true,true,09,12,,R,H
15041538,063441005582,0634410,6335,false,false,538,25,false,true,true,true,true,true,true,false,false,false,false,false,false,false,KG,05,,R,P
15041539,063441005583,0634410,6336,false,false,528,23,false,true,true,true,true,true,true,false,false,false,false,false,false,false,KG,05,,R,P
15041540,063441005585,0634410,6337,false,false,1071,50.67,false,false,false,false,false,false,false,true,true,true,false,false,false,false,06,08,,R,M
15041541,063441005586,0634410,6338,false,false,447,19,false,true,true,true,true,true,true,false,false,false,false,false,false,false,KG,05,,R,P
15041542,063441005587,0634410,6340,false,false,1257,63.85,false,false,false,false,false,false,false,false,false,false,true,true,true,true,09,12,,R,H
15041543,063441005590,0634410,6346,false,false,636,27.69,true,true,true,true,true,true,true,false,false,false,false,false,false,false,PK,05,,R,P
15041544,063441005591,0634410,6377,false,false,194,11,false,true,true,true,true,true,true,false,false,false,false,false,false,false,KG,05,,R,P
15041545,063441005592,0634410,6341,false,false,239,9.5,false,true,true,true,true,true,true,false,false,false,false,false,false,false,KG,05,,R,P
15041547,063441005596,0634410,6350,false,false,71,5,false,true,true,true,true,true,true,false,false,false,false,false,false,false,KG,05,,R,P
15041548,063441005597,0634410,6352,false,false,353,14.5,false,true,true,true,true,true,true,false,false,false,false,false,false,false,KG,05,,R,P
15041549,063441005598,0634410,6433,false,false,391,16.5,false,true,true,true,true,true,true,false,false,false,false,false,false,false,KG,05,,R,P
15041550,063441005599,0634410,6389,false,false,648,26.5,false,true,true,true,true,true,true,false,false,false,false,false,false,false,KG,05,,R,P
15041551,063441005600,0634410,6451,false,false,301,11,false,true,true,true,true,true,true,false,false,false,false,false,false,false,KG,05,,R,P
15041552,063441005601,0634410,6408,false,false,227,9.5,false,true,true,true,true,true,true,false,false,false,false,false,false,false,KG,05,,R,P
15041553,063441005602,0634410,6359,false,false,178,12,false,false,false,false,false,false,false,false,false,false,true,true,true,true,09,12,,A,H
15041554,063441005604,0634410,6441,false,false,656,29.19,false,true,true,true,true,true,true,false,false,false,false,false,false,false,KG,05,,R,P
15041555,063441005605,0634410,6362,false,false,256,13,false,true,true,true,true,true,true,false,false,false,false,false,false,false,KG,05,,R,P
15041556,063441005607,0634410,6364,false,false,392,19.5,false,true,true,true,true,true,true,false,false,false,false,false,false,false,KG,05,,R,P
15041557,063441005609,0634410,6385,false,false,539,25,false,true,true,true,true,true,true,false,false,false,false,false,false,false,KG,05,,R,P
15041558,063441005610,0634410,6367,false,false,560,30,false,false,false,false,false,false,false,true,true,true,false,false,false,false,06,08,,R,M
15041559,063441005611,0634410,6406,false,false,249,10.33,false,true,true,true,true,true,true,false,false,false,false,false,false,false,KG,05,,R,P
15041560,063441005612,0634410,6369,false,false,1909,90.83,false,false,false,false,false,false,false,false,false,false,true,true,true,true,09,12,,R,H
15041561,063441005613,0634410,6370,false,false,223,13,false,true,true,true,true,true,true,false,false,false,false,false,false,false,KG,05,,R,P
15041562,063441005614,0634410,6421,false,false,266,11,false,true,true,true,true,true,true,false,false,false,false,false,false,false,KG,05,,R,P
15041563,063441005615,0634410,6413,false,false,369,15.5,false,true,true,true,true,true,true,false,false,false,false,false,false,false,KG,05,,R,P
15041564,063441005616,0634410,6347,false,false,239,12,false,true,true,true,true,true,true,false,false,false,false,false,false,false,KG,05,,R,P
15041565,063441005617,0634410,6450,false,false,2001,98.88,false,false,false,false,false,false,false,false,false,false,true,true,true,true,09,12,,R,H
15041566,063441005618,0634410,6373,false,false,356,17.5,false,true,true,true,true,true,true,false,false,false,false,false,false,false,KG,05,,R,P
15041567,063441005620,0634410,6375,false,false,394,18.5,false,true,true,true,true,true,true,false,false,false,false,false,false,false,KG,05,,R,P
15041568,063441005621,0634410,6376,false,false,468,20,false,true,true,true,true,true,true,false,false,false,false,false,false,false,KG,05,,R,P
15041569,063441005623,0634410,6348,false,false,439,22,false,true,true,true,true,true,true,false,false,false,false,false,false,false,KG,05,,R,P
15041570,063441005624,0634410,6378,false,false,975,42.5,false,false,false,false,false,false,false,true,true,true,false,false,false,false,06,08,,R,M
15041571,063441005625,0634410,6379,false,false,435,22.14,false,true,true,true,true,true,true,false,false,false,false,false,false,false,KG,05,,R,P
15041572,063441005628,0634410,6358,false,false,649,32.5,false,false,false,false,false,false,false,true,true,true,false,false,false,false,06,08,,R,M
15041573,063441005629,0634410,6392,false,false,559,36.35,false,false,false,false,false,false,false,true,true,true,false,false,false,false,06,08,,R,M
15041574,063441005630,0634410,6419,false,false,278,12,false,true,true,true,true,true,true,false,false,false,false,false,false,false,KG,05,,R,P
15041575,063441005631,0634410,6384,false,false,513,22.5,false,true,true,true,true,true,true,false,false,false,false,false,false,false,KG,05,,R,P
15041576,063441005633,0634410,6414,false,false,251,15.5,false,true,true,true,true,true,true,false,false,false,false,false,false,false,KG,05,,R,P
15041577,063441005635,0634410,6418,false,false,364,17,false,true,true,true,true,true,true,false,false,false,false,false,false,false,KG,05,,R,P
15041578,063441005636,0634410,6429,false,false,291,12.5,false,true,true,true,true,true,true,false,false,false,false,false,false,false,KG,05,,R,P
15041579,063441005637,0634410,6387,false,false,543,21.5,false,true,true,true,true,true,true,false,false,false,false,false,false,false,KG,05,,R,P
15041580,063441005638,0634410,6388,false,false,482,21.6,false,true,true,true,true,true,true,false,false,false,false,false,false,false,KG,05,,R,P
15041581,063441005639,0634410,6390,false,false,601,23.08,false,true,true,true,true,true,true,true,true,true,false,false,false,false,KG,08,,R,PM
15041582,063441005640,0634410,6366,false,false,456,21,false,true,true,true,true,true,true,false,false,false,false,false,false,false,KG,05,,R,P
15041583,063441005641,0634410,6396,false,false,588,27,false,true,true,true,true,true,true,false,false,false,false,false,false,false,KG,05,,R,P
15041584,063441005643,0634410,6397,false,false,2718,121.55,false,false,false,false,false,false,false,false,false,false,true,true,true,true,09,12,,R,H
15041585,063441005645,0634410,6400,false,false,760,36.54,false,false,false,false,false,false,false,true,true,true,false,false,false,false,06,08,,R,M
15041586,063441005646,0634410,6403,false,false,263,12,false,true,true,true,true,true,true,false,false,false,false,false,false,false,KG,05,,R,P
15041587,063441005647,0634410,6407,false,false,381,17,false,true,true,true,true,true,true,false,false,false,false,false,false,false,KG,05,,R,P
15041588,063441005648,0634410,6409,false,false,356,17.95,false,true,true,true,true,true,true,false,false,false,false,false,false,false,KG,05,,R,P
15041589,063441005649,0634410,6410,false,false,145,5,false,true,true,true,true,true,true,false,false,false,false,false,false,false,KG,05,,R,P
15041590,063441005650,0634410,6411,false,false,995,72.23,false,false,false,false,false,false,false,false,false,false,true,true,true,true,09,12,,R,H
15041591,063441005651,0634410,6412,false,false,511,21,false,true,true,true,true,true,true,false,false,false,false,false,false,false,KG,05,,R,P
15041592,063441005652,0634410,6415,false,false,256,11,false,true,true,true,true,true,true,false,false,false,false,false,false,false,KG,05,,R,P
15041593,063441005653,0634410,6452,false,false,163,13.85,false,false,false,false,false,false,false,false,false,false,true,true,true,true,09,12,,A,H
15041594,063441005654,0634410,6425,false,false,428,27.9,true,true,true,true,true,true,true,true,true,true,false,false,false,false,PK,08,,R,PM
15041595,063441005655,0634410,6386,false,false,521,21.02,false,false,false,false,false,false,false,true,true,true,false,false,false,false,06,08,,R,M
15041596,063441005657,0634410,6423,false,false,1084,45.77,false,false,false,false,false,false,false,true,true,true,false,false,false,false,06,08,,R,M
15041597,063441005658,0634410,6420,false,false,422,23.5,false,true,true,true,true,true,true,false,false,false,false,false,false,false,KG,05,,R,P
15041598,063441005659,0634410,6424,false,false,259,5.5,false,true,true,true,true,true,true,false,false,false,false,false,false,false,KG,05,,R,P
15041599,063441005660,0634410,6436,false,false,465,21,false,true,true,true,true,true,true,false,false,false,false,false,false,false,KG,05,,R,P
15041600,063441005661,0634410,6426,false,false,592,24,true,true,true,true,true,true,false,false,false,false,false,false,false,false,PK,04,,R,PM
15041601,063441005662,0634410,6427,false,false,694,30.4,false,false,false,false,false,false,false,true,true,true,false,false,false,false,06,08,,R,M
15041602,063441005663,0634410,6430,false,false,276,13.2,false,true,true,true,true,true,true,true,true,true,false,false,false,false,KG,08,,R,PM
15041603,063441005664,0634410,6428,false,false,248,13,false,true,true,true,true,true,true,false,false,false,false,false,false,false,KG,05,,R,P
15041604,063441005666,0634410,6351,false,false,569,23,false,true,true,true,true,true,true,false,false,false,false,false,false,false,KG,05,,R,P
15041605,063441005667,0634410,6431,false,false,210,9.5,false,true,true,true,true,true,true,false,false,false,false,false,false,false,KG,05,,R,P
15041606,063441005668,0634410,6432,false,false,397,18,false,true,true,true,true,true,true,false,false,false,false,false,false,false,KG,05,,R,P
15041607,063441005669,0634410,6398,false,false,90,4.75,false,true,true,true,true,true,true,false,false,false,false,false,false,false,KG,05,,R,P
15041608,063441005670,0634410,6434,false,false,337,16,false,true,true,true,true,true,true,false,false,false,false,false,false,false,KG,05,,R,P
15041609,063441005671,0634410,6435,false,false,335,17.75,false,true,true,true,true,true,true,false,false,false,false,false,false,false,KG,05,,R,P
15041610,063441005672,0634410,6437,false,false,385,18,false,true,true,true,true,true,true,false,false,false,false,false,false,false,KG,05,,R,P
15041611,063441005674,0634410,6439,false,false,271,10.5,false,true,true,true,true,true,true,false,false,false,false,false,false,false,KG,05,,R,P
15041612,063441005676,0634410,6445,false,false,515,23.25,false,true,true,true,true,true,true,false,false,false,false,false,false,false,KG,05,,R,P
15041613,063441005677,0634410,6446,false,false,443,17.4,false,true,true,true,true,true,true,false,false,false,false,false,false,false,KG,05,,R,P
15041614,063441005678,0634410,6447,false,false,562,33.05,false,false,false,false,false,false,false,true,true,true,false,false,false,false,06,08,,R,M
15041615,063441005679,0634410,6448,false,false,591,21.8,false,true,true,true,true,true,true,false,false,false,false,false,false,false,KG,05,,R,P
15041616,063441005681,0634410,6353,false,false,148,6.25,false,true,true,true,true,true,true,false,false,false,false,false,false,false,KG,05,,R,P
15041617,063441006556,0634410,6438,false,false,402,17.69,false,true,true,true,true,true,true,false,false,false,false,false,false,false,KG,05,,R,P
15041618,063441007350,0634410,6417,false,false,452,26.64,false,false,false,false,false,false,false,false,false,false,true,true,true,true,09,12,,R,H
15041619,063441007354,0634410,6391,false,false,264,15.6,false,false,false,false,false,false,false,false,false,false,true,true,true,true,09,12,,C,H
15041620,063441007721,0634410,6393,false,false,40,,false,false,false,false,false,false,false,false,false,false,true,true,true,true,09,12,,C,H
15041621,063441007725,0634410,6371,false,false,489,26.55,false,false,false,false,false,false,false,false,false,false,true,true,true,true,09,12,,C,H
15041622,063441007732,0634410,6442,false,false,369,16.7,false,true,true,true,true,true,true,false,false,false,false,false,false,false,KG,05,,R,P
15041623,063441007840,0634410,11136,false,false,234,12.5,false,false,false,false,false,false,false,false,false,false,true,true,true,true,09,12,,A,H
15041624,063441007841,0634410,6394,false,false,690,29.6,false,true,true,true,true,true,true,true,true,true,false,false,false,false,KG,08,,R,PM
15041625,063441007842,0634410,6363,false,false,469,28.5,false,false,false,false,false,false,false,true,true,true,false,false,false,false,06,08,,R,M
15041626,063441007845,0634410,6449,false,false,639,30.29,false,false,false,false,false,false,false,false,false,false,true,true,true,true,09,12,,R,H
15041627,063441008189,0634410,6344,false,false,1046,62.1,false,false,false,false,false,false,false,false,false,false,true,true,true,true,09,12,,R,H
15041628,063441008191,0634410,6360,false,false,243,12,false,true,true,true,true,true,true,false,false,false,false,false,false,false,KG,05,,R,P
15041629,063441008967,0634410,6454,false,false,264,10.25,false,true,true,true,true,true,true,false,false,false,false,false,false,false,KG,05,,R,P
15041631,063441010388,0634410,12048,false,false,657,31,false,true,true,true,true,true,true,true,true,true,false,false,false,false,KG,08,,C,PM
15041632,063441011252,0634410,12283,false,false,262,20.54,false,false,false,false,false,false,false,false,false,false,true,true,true,true,09,12,,A,H
15041633,063441011255,0634410,12639,false,false,363,,false,false,false,false,false,false,true,true,true,true,false,false,false,false,05,08,,C,PM
15041634,063441011256,0634410,12638,false,false,283,4.5,false,false,false,false,false,false,true,true,true,true,false,false,false,false,05,08,,C,PM
15041635,063441011407,0634410,12372,false,false,445,12.63,false,false,false,false,false,false,false,false,false,false,true,true,true,true,09,12,,C,H
15041636,063441011408,0634410,13756,false,false,360,16,false,false,false,false,false,false,false,false,false,false,true,true,true,true,09,12,,C,H
15041637,063441011772,0634410,16863,false,false,507,25,false,true,true,true,true,true,true,false,false,false,false,false,false,false,KG,05,,R,P
15041638,063441012487,0634410,25096,false,false,397,16.7,false,true,true,true,true,true,true,false,false,false,false,false,false,false,KG,05,,R,P
15041639,063441012494,0634410,25018,false,false,367,25.13,false,false,false,false,false,false,false,false,false,false,true,true,true,true,09,12,,A,H
15041640,063441012526,0634410,25079,false,false,325,17.03,false,false,false,false,false,false,false,false,false,false,true,true,true,true,09,12,,A,H
15041641,063441012583,0634410,24745,false,false,,,true,true,true,true,true,true,true,false,false,false,false,false,false,false,PK,05,,R,P
15041642,063441012788,0634410,25336,false,false,145,6.5,true,true,true,true,true,true,true,false,false,false,false,false,false,false,PK,05,,R,P
15041643,063441012800,0634410,25633,false,false,305,,false,false,false,false,false,false,false,true,true,true,false,false,false,false,06,08,,C,M
15041644,0634410XXX10,0634410,,false,false,,,,,,,,,,,,,,,,,,,,U,O
15041646,0634410XXX12,0634410,,false,false,,,false,false,false,false,false,false,false,true,true,true,false,false,false,false,06,08,,U,M
15041647,0634410XXX13,0634410,,false,false,,,,,,,,,,,,,,,,,,,,U,O
15041650,0634410XXX21,0634410,,false,false,,,,,,,,,,,,,,,,,,,,U,O
15041651,0634410XXX23,0634410,,false,false,,,,,,,,,,,,,,,,,,,,U,O
15041654,0634410XXX28,0634410,,false,false,,,,,,,,,,,,,,,,,,,,U,O
15041655,0634410XXX29,0634410,,false,false,,,,,,,,,,,,,,,,,,,,U,O
15041656,0634410XXX30,0634410,,false,false,,,,,,,,,,,,,,,,,,,,U,O
15041657,0634410XXX31,0634410,,false,false,,,,,,,,,,,,,,,,,,,,U,O
15041658,0634410XXX32,0634410,,false,false,,,,,,,,,,,,,,,,,,,,U,O
15041661,0634410XXX35,0634410,,false,false,,,,,,,,,,,,,,,,,,,,U,O
15041662,0634410XXX36,0634410,,false,false,,,,,,,,,,,,,,,,,,,,U,O
15041663,0634410XXX37,0634410,,false,false,,,,,,,,,,,,,,,,,,,,U,O
15041664,0634410XXX38,0634410,,false,false,,,,,,,,,,,,,,,,,,,,U,O
15041665,0634410XXX39,0634410,,false,false,,,true,true,true,true,true,true,true,false,false,false,false,false,false,false,PK,05,,U,P
15041666,0634410XXX40,0634410,,false,false,,,true,true,true,true,true,true,true,false,false,false,false,false,false,false,PK,05,,R,P
15041668,0634410XXX43,0634410,,false,false,,,true,true,true,true,true,true,true,false,false,false,false,false,false,false,PK,05,,R,P
15041669,0634410XXX44,0634410,,false,false,,,,,,,,,,,,,,,,,,,,U,O
15041670,0634410XXX45,0634410,,false,false,,,,,,,,,,,,,,,,,,,,U,O
15041672,0634410XXX49,0634410,,false,false,,,true,true,true,true,true,true,true,false,false,false,false,false,false,false,PK,05,,U,P
15041673,0634410XXX50,0634410,,false,false,,,,,,,,,,,,,,,,,,,,U,O
15041674,0634410XXX51,0634410,,false,false,,,,,,,,,,,,,,,,,,,,U,O
15041676,0634410XXX53,0634410,,false,false,,,true,true,true,true,true,true,true,false,false,false,false,false,false,false,PK,05,,U,P
15041677,0634410XXX54,0634410,,false,false,,,true,true,true,true,true,true,true,false,false,false,false,false,false,false,PK,05,,U,P
15041679,0634410XXX58,0634410,,false,false,,,true,true,true,true,true,true,true,false,false,false,false,false,false,false,PK,05,,U,P
15041680,0634410XXX59,0634410,,false,false,,,true,true,true,true,true,true,true,false,false,false,false,false,false,false,PK,05,,U,P
15041884,063492002791,0634920,6963,false,false,520,21,false,true,true,true,true,true,true,false,false,false,false,false,false,false,KG,05,,M,P
15041885,063492005404,0634920,6962,false,false,699,28,false,true,true,true,true,true,true,false,false,false,false,false,false,false,KG,05,,R,P
15041886,063492005896,0634920,6955,false,false,802,38.8,false,false,false,false,false,false,false,true,true,true,false,false,false,false,06,08,,M,M
15041887,063492005897,0634920,6956,false,false,688,27,false,true,true,true,true,true,true,false,false,false,false,false,false,false,KG,05,,R,P
15041888,063492005898,0634920,6957,false,false,625,30.17,false,false,false,false,false,false,false,true,true,true,false,false,false,false,06,08,,M,M
15041889,063492005899,0634920,6958,false,false,738,29.5,false,true,true,true,true,true,true,false,false,false,false,false,false,false,KG,05,,R,P
15041890,063492005901,0634920,6960,false,false,958,43.79,false,false,false,false,false,false,false,true,true,true,false,false,false,false,06,08,,M,M
15041891,063492005902,0634920,6961,false,false,998,43.34,false,false,false,false,false,false,false,true,true,true,false,false,false,false,06,08,,R,M
15041892,063492005905,0634920,6964,false,false,900,36,false,true,true,true,true,true,true,false,false,false,false,false,false,false,KG,05,,R,P
15041893,063492005906,0634920,6965,false,false,456,20,false,true,true,true,true,true,true,false,false,false,false,false,false,false,KG,05,,M,P
15041894,063492005907,0634920,6966,false,false,606,24,false,true,true,true,true,true,true,false,false,false,false,false,false,false,KG,05,,R,P
15041895,063492005908,0634920,6967,false,false,513,22,false,true,true,true,true,true,true,false,false,false,false,false,false,false,KG,05,,M,P
15041896,063492005911,0634920,6968,false,false,517,23,false,true,true,true,true,true,true,false,false,false,false,false,false,false,KG,05,,R,P
15041897,063492005912,0634920,6974,false,false,447,18,false,true,true,true,true,true,true,false,false,false,false,false,false,false,KG,05,,M,P
15041898,063492005913,0634920,6969,false,false,348,15,false,true,true,true,true,true,true,false,false,false,false,false,false,false,KG,05,,R,P
15041899,063492005914,0634920,6970,false,false,394,15,false,true,true,true,true,true,true,true,true,true,false,false,false,false,KG,08,,M,PM
15041900,063492005915,0634920,6971,false,false,453,19,false,true,true,true,true,true,true,false,false,false,false,false,false,false,KG,05,,M,P
15041901,063492005916,0634920,6972,false,false,371,17,false,true,true,true,true,true,true,false,false,false,false,false,false,false,KG,05,,M,P
15041902,063492005917,0634920,6973,false,false,527,23,false,true,true,true,true,true,true,false,false,false,false,false,false,false,KG,05,,M,P
15041903,063492007781,0634920,6959,false,false,287,11,false,true,true,true,true,true,true,false,false,false,false,false,false,false,KG,05,,R,P
15041904,063498005919,0634980,6975,false,false,1423,68.4,false,false,false,false,false,false,false,false,false,false,true,true,true,true,09,12,,R,H
15041905,063498005920,0634980,6976,false,false,1316,64.59,false,false,false,false,false,false,false,false,false,false,true,true,true,true,09,12,,R,H
15041906,063498005921,0634980,6977,false,false,1105,60.5,false,false,false,false,false,false,false,false,false,false,true,true,true,true,09,12,,R,H
15041907,063498005923,0634980,6978,false,false,1349,72.03,false,false,false,false,false,false,false,false,false,false,true,true,true,true,09,12,,R,H
15041908,063498005924,0634980,6979,false,false,1214,56.67,false,false,false,false,false,false,false,false,false,false,true,true,true,true,09,12,,R,H
15041909,063498005925,0634980,6980,false,false,,,false,false,false,false,false,false,false,false,false,false,true,true,true,true,09,12,,A,H
15041910,063498005926,0634980,6981,false,false,1555,76.7,false,false,false,false,false,false,false,false,false,false,true,true,true,true,09,12,,R,H
15041911,0634980XXX01,0634980,,false,false,,,false,false,false,false,false,false,false,false,false,false,true,true,true,true,09,12,,U,H
15042217,063639006194,0636390,6950,false,false,2183,107.92,false,false,false,false,false,false,false,false,false,false,true,true,true,true,09,12,,M,H
15042218,063639006195,0636390,6951,false,false,2158,112.24,false,false,false,false,false,false,false,false,false,false,true,true,true,true,09,12,,R,H
15042219,063639006196,0636390,6952,false,false,290,15.5,false,false,false,false,false,false,false,false,false,false,false,true,true,true,10,12,,A,H
15042220,063639006198,0636390,6953,false,false,2135,109.4,false,false,false,false,false,false,false,false,false,false,true,true,true,true,09,12,,R,H
15042221,063639006199,0636390,6954,false,false,1815,106.33,false,false,false,false,false,false,false,false,false,false,true,true,true,true,09,12,,R,H
15042222,0636390XXX01,0636390,,false,false,,,false,false,false,false,false,false,false,false,false,false,true,true,true,true,09,12,,U,H
15042405,063753006339,0637530,6982,false,false,746,33.2,false,false,false,false,false,false,false,true,true,true,false,false,false,false,06,08,,R,M
15042406,063753006340,0637530,6983,false,false,86,6.5,false,false,false,false,false,false,false,false,false,false,true,true,true,true,09,12,,A,H
15042407,063753006341,0637530,6984,false,false,625,26,false,true,true,true,true,true,true,false,false,false,false,false,false,false,KG,05,,R,P
15042408,063753006342,0637530,6985,false,false,1430,59.6,false,false,false,false,false,false,false,false,false,false,true,true,true,true,09,12,,R,H
15042409,063753006345,0637530,6987,false,false,345,16,false,true,true,true,true,true,true,false,false,false,false,false,false,false,KG,05,,R,P
15042410,063753006346,0637530,6988,false,false,279,12.4,false,true,true,true,true,true,true,false,false,false,false,false,false,false,KG,05,,R,P
15042411,063753006347,0637530,6990,false,false,551,22,false,true,true,true,true,true,true,false,false,false,false,false,false,false,KG,05,,R,P
15042412,063753006348,0637530,6991,false,false,628,28.2,false,false,false,false,false,false,false,true,true,true,false,false,false,false,06,08,,R,M
15042413,063753006349,0637530,6992,false,false,441,20,false,true,true,true,true,true,true,false,false,false,false,false,false,false,KG,05,,R,P
15042414,063753006351,0637530,6994,false,false,419,17,false,true,true,true,true,true,true,false,false,false,false,false,false,false,KG,05,,R,P
15042415,063753006352,0637530,6993,false,false,1403,58.8,false,false,false,false,false,false,false,false,false,false,true,true,true,true,09,12,,R,H
15042416,063753006354,0637530,6995,false,false,652,29.4,false,true,true,true,true,true,true,false,false,false,false,false,false,false,KG,05,,R,P
15042417,063753006355,0637530,6996,false,false,405,17.6,false,true,true,true,true,true,true,false,false,false,false,false,false,false,KG,05,,R,P
15042418,063753006356,0637530,6997,false,false,640,29,false,false,false,false,false,false,false,true,true,true,false,false,false,false,06,08,,R,M
15042419,063753009197,0637530,6989,false,false,439,18,false,true,true,true,true,true,true,false,false,false,false,false,false,false,KG,05,,R,P
15043211,064314007013,0643140,6998,false,true,437,36.1,true,true,true,true,true,true,true,true,true,true,false,false,false,false,PK,08,,R,PM
15043489,069103309043,0691033,12495,false,false,223,30.5,true,true,true,true,true,true,true,true,true,true,true,true,true,true,PK,12,,S,PMH
15043490,069103309248,0691033,,false,false,60,8.45,true,true,true,true,true,true,true,true,true,true,true,true,true,true,PK,12,,A,PMH
15043493,069103311960,0691033,16983,false,false,71,7.43,false,false,false,false,false,false,false,true,true,true,true,true,true,true,06,12,,A,MH
15043498,069103312367,0691033,24712,false,false,9,2,false,false,false,false,false,false,false,true,true,true,true,true,true,true,06,12,,A,MH
15043658,069111109270,0691111,,false,false,56,,false,false,false,false,false,false,false,true,true,true,true,true,true,true,06,12,,A,MH
15043659,069111109472,0691111,11135,false,false,58,5.5,false,false,false,false,false,false,false,true,true,true,true,true,true,true,06,12,,A,MH
15043660,069111109473,0691111,12608,false,false,27,1,true,true,true,true,true,true,true,true,true,true,true,true,true,true,PK,12,,S,PMH
15043661,069111110647,0691111,13785,false,false,140,10.94,false,false,false,false,false,false,false,true,true,true,true,true,true,true,06,12,,A,MH
15131769,063441005626,0634410,6399,false,false,557,32.5,false,true,true,true,true,true,true,true,true,true,false,false,false,false,KG,08,,R,PM
15138146,0634920XXX02,0634920,,false,false,,,true,true,true,true,true,true,true,false,false,false,false,false,false,false,PK,05,,R,P
15138147,0634920XXX03,0634920,,false,false,,,true,true,true,true,true,true,true,false,false,false,false,false,false,false,PK,05,,R,P
15138148,0634920XXX04,0634920,,false,false,,,true,true,true,true,true,true,true,false,false,false,false,false,false,false,PK,05,,R,P
15138149,0634920XXX05,0634920,,false,false,,,true,true,true,true,true,true,true,false,false,false,false,false,false,false,PK,05,,R,P
15138150,0634920XXX06,0634920,,false,false,,,false,false,false,false,false,false,false,true,true,true,false,false,false,false,06,08,,R,M
15138861,063186013130,0631860,,false,false,380,15,true,true,true,true,true,true,true,true,false,false,false,false,false,false,PK,06,,A,PM
15138865,0631860XXX02,0631860,,false,false,,,true,true,true,true,true,true,true,false,false,false,false,false,false,false,PK,05,,R,P
15139141,0606480XXX01,0606480,,false,false,,,true,true,true,true,true,true,true,false,false,false,false,false,false,false,PK,05,,R,P
15141404,063441013548,0634410,,false,false,,,true,true,true,true,true,true,true,false,false,false,false,false,false,false,PK,05,,R,P
15141406,063441013231,0634410,,false,false,,,true,true,true,true,true,true,true,false,false,false,false,false,false,false,PK,05,,R,P
15141409,0634410XXX41,0634410,,false,false,,,true,true,true,true,true,true,true,false,false,false,false,false,false,false,PK,05,,R,P
15141410,063441013488,0634410,,false,false,,,true,true,true,true,true,true,true,false,false,false,false,false,false,false,PK,05,,R,P
15144303,063441013328,0634410,,false,false,,,,,,,,,,,,,,,,,,,,R,O
15144329,063441002774,0634410,,false,false,,,true,true,true,true,true,true,true,false,false,false,false,false,false,false,PK,05,,R,P
