NCES School ID,State School ID,NCES District ID,State District ID,Low Grade*,High Grade*,School Name,District,County Name*,Street Address,City,State,ZIP,ZIP 4-digit,Phone,Locale Code*,Locale*,Charter,Magnet*,Title I School*,Title 1 School Wide*,Students*,Teachers*,Student Teacher Ratio*,Free Lunch*,Reduced Lunch*
062805010730,CA-0161259-6002273,0628050,CA-0161259,KG,05,ACORN Woodland Elementary,Oakland Unified,Alameda County,1025 81st Ave.,Oakland,CA,94621,2455,(510)639-3344,11,City: Large,No,No,Yes,Yes,300.00000,13.00000,23.1000000,256.00000,20.00000
069105106830,CA-0110017-0130419,0691051,CA-0110017,KG,12,Alameda County Community,Alameda County Office of Education,Alameda County,313 W. Winton Ave.,Hayward,CA,94544,1136,(510)670-4590,12,City: Midsize,No,No,Yes,Yes,174.00000,13.00000,13.4000000,138.00000,11.00000
069105109264,CA-0110017-0130401,0691051,CA-0110017,KG,12,Alameda County Juvenile Hall/Court,Alameda County Office of Education,Alameda County,2500 Fairmont Ave.,San Leandro,CA,94578,1005,(510)670-7609,21,Suburb: Large,No,No,Yes,Yes,73.00000,10.00000,7.3000000,70.00000,0.00000
069105108672,CA-0110017-6106751,0691051,CA-0110017,–,–,Alameda County Special Education,Alameda County Office of Education,Alameda County,313 W. Winton Ave.,Hayward,CA,94544,1136,(510)723-3857,12,City: Midsize,No,No,†,†,†,–,†,†,†
060177000041,CA-0161119-0130229,0601770,CA-0161119,09,12,Alameda High,Alameda Unified,Alameda County,2201 Encinal Ave.,Alameda,CA,94501,4406,(510)337-7022,21,Suburb: Large,No,No,No,†,1776.00000,76.19000,23.3000000,371.00000,39.00000
060177010547,CA-0161119-0106401,0601770,CA-0161119,09,12,Alameda Science and Technology Institute,Alameda Unified,Alameda County,555 Ralph Appezzato MEM Pk,Alameda,CA,94501,2109,(510)748-4021,21,Suburb: Large,No,Yes,Yes,No,187.00000,6.11000,30.6000000,52.00000,6.00000
060186000059,CA-0161127-0130450,0601860,CA-0161127,09,12,Albany High,Albany City Unified,Alameda County,603 Key Route Blvd.,Albany,CA,94706,1422,(510)558-2500,21,Suburb: Large,No,No,Yes,No,1129.00000,56.47000,20.0000000,202.00000,30.00000
060186000060,CA-0161127-6090161,0601860,CA-0161127,06,08,Albany Middle,Albany City Unified,Alameda County,1259 Brighton Ave.,Albany,CA,94706,1336,(510)558-3600,21,Suburb: Large,No,No,No,†,880.00000,45.96000,19.1000000,136.00000,30.00000
060002009285,CA-0175101-6002315,0600020,CA-0175101,KG,05,Alisal Elementary,Pleasanton Unified,Alameda County,1454 Santa Rita Rd.,Pleasanton,CA,94566,5697,(925)426-4200,13,City: Small,No,No,Yes,No,622.00000,26.00000,23.9000000,42.00000,10.00000
062805004238,CA-0161259-6001630,0628050,CA-0161259,KG,05,Allendale Elementary,Oakland Unified,Alameda County,3670 Penniman Ave.,Oakland,CA,94619,1116,(510)535-2812,11,City: Large,No,No,Yes,Yes,361.00000,17.00000,21.2000000,282.00000,15.00000
062805012027,CA-0161259-0112771,0628050,CA-0161259,06,08,Alliance Academy,Oakland Unified,Alameda County,1800 98th Ave.,Oakland,CA,94603,2702,(510)639-2893,11,City: Large,No,No,Yes,Yes,358.00000,23.20000,15.4000000,333.00000,11.00000
060780012607,CA-0161150-0118216,0607800,CA-0161150,–,–,Alma Preschool,Castro Valley Unified,Alameda County,4400 Alma Ave.,Castro Valley,CA,94546,3104,(510)537-3000,21,Suburb: Large,No,–,†,†,†,–,†,†,†
062211008438,CA-0161200-6117543,0622110,CA-0161200,KG,05,Altamont Creek Elementary,Livermore Valley Joint Unified,Alameda County,6500 Garaventa Ranch Rd.,Livermore,CA,94551,8701,(925)454-5575,23,Suburb: Small,No,No,No,†,595.00000,24.60000,24.2000000,106.00000,10.00000
062691011552,CA-0161242-0110478,0626910,CA-0161242,09,12,Alternative Learning Academy at Conley-Caraballo High,New Haven Unified,Alameda County,541 Blanche St.,Hayward,CA,94544,7700,(510)471-5126,12,City: Midsize,No,No,Yes,No,11.00000,1.00000,11.0000000,6.00000,1.00000
062691004065,CA-0161242-6001572,0626910,CA-0161242,KG,05,Alvarado Elementary,New Haven Unified,Alameda County,31100 Fredi St.,Union City,CA,94587,2662,(510)471-1039,21,Suburb: Large,No,No,Yes,Yes,767.00000,32.00000,24.0000000,311.00000,84.00000
060002009282,CA-0175101-0130583,0600020,CA-0175101,09,12,Amador Valley High,Pleasanton Unified,Alameda County,1155 Santa Rita Rd.,Pleasanton,CA,94566,6176,(925)461-6100,13,City: Small,No,No,No,†,2673.00000,113.90000,23.5000000,145.00000,32.00000
060177000043,CA-0161119-6100374,0601770,CA-0161119,KG,05,Amelia Earhart Elementary,Alameda Unified,Alameda County,400 Packet Landing Rd.,Alameda,CA,94502,6534,(510)748-4003,21,Suburb: Large,No,No,No,†,643.00000,24.00000,26.8000000,70.00000,12.00000
061440001654,CA-0161176-0130062,0614400,CA-0161176,09,12,American High,Fremont Unified,Alameda County,36300 Fremont Blvd.,Fremont,CA,94536,3511,(510)796-1776,21,Suburb: Large,No,No,Yes,No,2273.00000,97.52000,23.3000000,371.00000,68.00000
062211002618,CA-0161200-6085773,0622110,CA-0161200,06,08,Andrew N. Christensen Middle,Livermore Valley Joint Unified,Alameda County,5757 Haggin Oaks Ave.,Livermore,CA,94551,1100,(925)606-4702,23,Suburb: Small,No,No,No,†,717.00000,29.84000,24.0000000,125.00000,22.00000
061263001425,CA-0161168-6090492,0612630,CA-0161168,KG,08,Anna Yates Elementary,Emery Unified,Alameda County,4727 San Pablo Ave.,Emeryville,CA,94608,3643,(510)601-4916,21,Suburb: Large,No,No,Yes,Yes,511.00000,26.00000,19.7000000,344.00000,48.00000
061674009847,CA-0161192-6056956,0616740,CA-0161192,07,08,Anthony W. Ochoa Middle,Hayward Unified,Alameda County,2121 Depot Rd.,Hayward,CA,94545,2428,(510)723-3130,12,City: Midsize,No,No,Yes,Yes,571.00000,25.93000,22.0000000,340.00000,54.00000
061440008138,CA-0161176-6104723,0614400,CA-0161176,KG,06,Ardenwood Elementary,Fremont Unified,Alameda County,33955 Emilia Ln.,Fremont,CA,94555,2068,(510)794-0392,21,Suburb: Large,No,No,No,†,948.00000,36.00000,26.3000000,74.00000,9.00000
063471005845,CA-0161309-0130849,0634710,CA-0161309,09,12,Arroyo High,San Lorenzo Unified,Alameda County,15701 Lorenzo Ave.,San Lorenzo,CA,94580,1407,(510)317-4000,21,Suburb: Large,No,No,No,†,1830.00000,79.33000,23.1000000,731.00000,202.00000
062211002620,CA-0161200-6071906,0622110,CA-0161200,KG,05,Arroyo Seco Elementary,Livermore Valley Joint Unified,Alameda County,5280 Irene Way,Livermore,CA,94550,3508,(925)606-4700,23,Suburb: Small,No,No,No,†,664.00000,27.00000,24.6000000,131.00000,21.00000
062706004090,CA-0161234-6001440,0627060,CA-0161234,KG,06,August Schilling Elementary,Newark Unified,Alameda County,36901 Spruce St.,Newark,CA,94560,2719,(510)818-3800,21,Suburb: Large,No,No,Yes,Yes,413.00000,17.00000,24.3000000,276.00000,36.00000
063468005831,CA-0161291-6057111,0634680,CA-0161291,06,08,Bancroft Middle,San Leandro Unified,Alameda County,13701 Bancroft Ave.,San Leandro,CA,94578,,(510)618-4380,13,City: Small,No,No,Yes,Yes,1048.00000,45.45000,23.1000000,610.00000,106.00000
063471005846,CA-0161309-6002505,0634710,CA-0161309,KG,05,Bay Elementary,San Lorenzo Unified,Alameda County,2001 Bockman Rd.,San Lorenzo,CA,94580,1903,(510)317-4300,21,Suburb: Large,No,No,Yes,No,490.00000,22.12000,22.2000000,219.00000,47.00000
060177000006,CA-0161119-6110779,0601770,CA-0161119,KG,08,Bay Farm,Alameda Unified,Alameda County,200 Aughinbaugh Way,Alameda,CA,94502,7451,(510)748-4010,21,Suburb: Large,No,No,No,†,640.00000,27.70000,23.1000000,56.00000,15.00000
063033004729,CA-0161275-6002281,0630330,CA-0161275,KG,05,Beach Elementary,Piedmont City Unified,Alameda County,100 Lake Ave.,Piedmont,CA,94611,4340,(510)594-2666,21,Suburb: Large,No,No,Yes,No,298.00000,14.00000,21.3000000,7.00000,0.00000
062805004241,CA-0161259-6001655,0628050,CA-0161259,KG,05,Bella Vista Elementary,Oakland Unified,Alameda County,1025 E. 28th St.,Oakland,CA,94610,4018,(510)436-4900,11,City: Large,No,No,Yes,Yes,447.00000,19.00000,23.5000000,328.00000,26.00000
060474000431,CA-0161143-6097729,0604740,CA-0161143,KG,05,Berkeley Arts Magnet at Whittier,Berkeley Unified,Alameda County,1645 Milvia St.,Berkeley,CA,94709,2073,(510)644-6225,12,City: Midsize,No,Yes,No,†,442.00000,20.98000,21.1000000,132.00000,16.00000
060474000432,CA-0161143-0131177,0604740,CA-0161143,09,12,Berkeley High,Berkeley Unified,Alameda County,1980 Allston Way,Berkeley,CA,94704,1463,(510)644-6120,12,City: Midsize,No,No,No,†,3117.00000,153.40000,20.3000000,809.00000,75.00000
060474012843,CA-0161143-0122804,0604740,CA-0161143,–,–,Berkeley Special Education Preschool,Berkeley Unified,Alameda County,2134 MLK Jr. Way,Berkeley,CA,94704,1180,(510)644-6120,12,City: Midsize,No,–,†,†,†,–,†,†,†
060474011300,CA-0161143-0134924,0604740,CA-0161143,10,12,Berkeley Technology Academy,Berkeley Unified,Alameda County,2701 MLK Jr. Way,Berkeley,CA,94704,2165,(510)644-6159,12,City: Midsize,No,No,Yes,Yes,51.00000,7.54000,6.8000000,37.00000,0.00000
062706004086,CA-0161234-6001531,0627060,CA-0161234,03,06,Birch Grove Intermediate,Newark Unified,Alameda County,37490 Birch St.,Newark,CA,94560,4140,(510)818-3600,21,Suburb: Large,No,No,No,†,458.00000,13.40000,34.2000000,169.00000,36.00000
062706004079,CA-0161234-6001499,0627060,CA-0161234,KG,06,Birch Grove Primary,Newark Unified,Alameda County,6071 Smith Ave.,Newark,CA,94560,4536,(510)818-3100,21,Suburb: Large,No,No,No,†,408.00000,12.90000,31.6000000,122.00000,19.00000
063471007483,CA-0161309-6002513,0634710,CA-0161309,06,08,Bohannon Middle,San Lorenzo Unified,Alameda County,800 Bockman Rd.,San Lorenzo,CA,94580,2906,(510)317-3800,21,Suburb: Large,No,No,Yes,Yes,807.00000,34.99000,23.1000000,476.00000,66.00000
061674002104,CA-0161192-6000889,0616740,CA-0161192,KG,06,Bowman Elementary,Hayward Unified,Alameda County,PO Box 5000,Hayward,CA,94540,5000,(510)723-3800,12,City: Midsize,No,No,Yes,Yes,350.00000,14.67000,23.9000000,231.00000,28.00000
061674002123,CA-0161192-0133009,0616740,CA-0161192,09,12,Brenkwitz High,Hayward Unified,Alameda County,22100 Princeton St.,Hayward,CA,94541,3817,(510)723-3160,12,City: Midsize,No,No,Yes,Yes,187.00000,14.33000,13.0000000,134.00000,13.00000
062805004242,CA-0161259-6056998,0628050,CA-0161259,06,09,Bret Harte Middle,Oakland Unified,Alameda County,3700 Coolidge Ave.,Oakland,CA,94602,3309,(510)531-6400,11,City: Large,No,No,Yes,Yes,591.00000,38.96000,15.2000000,475.00000,34.00000
061674002105,CA-0161192-6056931,0616740,CA-0161192,07,08,Bret Harte Middle,Hayward Unified,Alameda County,PO Box 5000,Hayward,CA,94540,5000,(510)723-3100,12,City: Midsize,No,No,No,†,613.00000,25.50000,24.0000000,369.00000,55.00000
062706004080,CA-0161234-0135426,0627060,CA-0161234,09,12,Bridgepoint High (Continuation),Newark Unified,Alameda County,5715 Musick Ave.,Newark,CA,94560,,(510)818-3200,21,Suburb: Large,No,No,Yes,Yes,62.00000,4.50000,13.8000000,39.00000,1.00000
062805004301,CA-0161259-6002075,0628050,CA-0161259,KG,05,Bridges Academy,Oakland Unified,Alameda County,1325 53rd Ave.,Oakland,CA,94601,5728,(510)535-3876,11,City: Large,No,No,Yes,Yes,442.00000,16.00000,27.6000000,408.00000,18.00000
061440001657,CA-0161176-6000558,0614400,CA-0161176,KG,06,Brier Elementary,Fremont Unified,Alameda County,39201 Sundale Dr.,Fremont,CA,94538,1916,(510)657-5020,21,Suburb: Large,No,No,Yes,No,718.00000,28.00000,25.6000000,224.00000,53.00000
062805004243,CA-0161259-6001663,0628050,CA-0161259,KG,05,Brookfield Elementary,Oakland Unified,Alameda County,401 Jones Ave.,Oakland,CA,94603,1123,(510)639-3310,11,City: Large,No,No,Yes,Yes,296.00000,14.50000,20.4000000,263.00000,11.00000
061440001658,CA-0161176-6089320,0614400,CA-0161176,KG,06,Brookvale Elementary,Fremont Unified,Alameda County,3400 Nicolet Ave.,Fremont,CA,94536,3598,(510)797-5940,21,Suburb: Large,No,No,No,†,717.00000,31.00000,23.1000000,94.00000,12.00000
061674002106,CA-0161192-6000905,0616740,CA-0161192,KG,06,Burbank Elementary,Hayward Unified,Alameda County,353 B St.,Hayward,CA,94541,6307,(510)723-3805,12,City: Midsize,No,No,Yes,Yes,914.00000,35.00000,26.1000000,530.00000,72.00000
062805013483,CA-0161259-0123026,0628050,CA-0161259,–,–,Burbank Preschool Center,Oakland Unified,Alameda County,3550 64th Ave.,Oakland,CA,94605,1802,(510)729-7771,11,City: Large,No,–,†,†,†,–,†,†,†
062805004245,CA-0161259-6001689,0628050,CA-0161259,KG,05,Burckhalter Elementary,Oakland Unified,Alameda County,3994 Burckhalter Ave.,Oakland,CA,94605,2616,(510)729-7700,11,City: Large,No,No,Yes,Yes,248.00000,10.50000,23.6000000,201.00000,13.00000
061440001659,CA-0161176-6000566,0614400,CA-0161176,KG,06,Cabrillo Elementary,Fremont Unified,Alameda County,36700 San Pedro Dr.,Fremont,CA,94536,6406,(510)792-3232,21,Suburb: Large,No,No,Yes,No,426.00000,20.00000,21.3000000,167.00000,50.00000
060000210346,CA-0131609-0131755,0600002,CA-0131609,KG,12,California School for the Blind,California School for the Blind (State Special Schl),Alameda County,500 Walnut Ave.,Fremont,CA,94536,4365,(510)794-3800,21,Suburb: Large,No,Yes,–,–,40.00000,13.00000,3.1000000,37.00000,0.00000
060000310347,CA-0131617-0131763,0600003,CA-0131617,KG,12,California School for the Deaf-Fremont,California School for the Deaf-Fremont (State Special Schl),Alameda County,39350 Gallaudet Dr.,Fremont,CA,94538,2308,(510)794-3666,21,Suburb: Large,No,No,–,–,375.00000,73.91000,5.1000000,372.00000,0.00000
060780000740,CA-0161150-6097653,0607800,CA-0161150,06,08,Canyon Middle,Castro Valley Unified,Alameda County,PO Box 2146,Castro Valley,CA,94546,,(510)538-8833,21,Suburb: Large,No,No,Yes,No,1388.00000,58.35000,23.8000000,285.00000,53.00000
062805004246,CA-0161259-6001697,0628050,CA-0161259,KG,05,Carl B. Munck Elementary,Oakland Unified,Alameda County,11900 Campus Dr.,Oakland,CA,94619,3104,(510)531-4900,11,City: Large,No,No,Yes,Yes,236.00000,12.00000,19.7000000,160.00000,15.00000
062805012992,CA-0161259-0125161,0628050,CA-0161259,09,12,Castlemont High,Oakland Unified,Alameda County,8601 MacArthur Blvd.,Oakland,CA,94605,4037,(510)639-1466,11,City: Large,No,No,Yes,Yes,858.00000,52.29000,16.4000000,763.00000,26.00000
060780000741,CA-0161150-6090351,0607800,CA-0161150,KG,05,Castro Valley Elementary,Castro Valley Unified,Alameda County,PO Box 2146,Castro Valley,CA,94546,0146,(510)537-1919,21,Suburb: Large,No,No,Yes,Yes,474.00000,18.50000,25.6000000,177.00000,43.00000
060780000742,CA-0161150-0132225,0607800,CA-0161150,09,12,Castro Valley High,Castro Valley Unified,Alameda County,PO Box 2146,Castro Valley,CA,94546,,(510)537-5910,21,Suburb: Large,No,No,No,†,2934.00000,121.83000,24.1000000,578.00000,120.00000
060780014010,CA-0161150-0133876,0607800,CA-0161150,KG,12,Castro Valley Virtual Academy,Castro Valley Unified,Alameda County,18400 Clifton Way,Castro Valley,CA,94546,2020,(510)537-3193,21,Suburb: Large,No,No,No,†,13.00000,0.60000,21.7000000,4.00000,0.00000
061440001660,CA-0161176-6056873,0614400,CA-0161176,07,08,Centerville Junior High,Fremont Unified,Alameda County,37720 Fremont Blvd.,Fremont,CA,94536,5096,(510)797-2072,21,Suburb: Large,No,No,Yes,No,1006.00000,44.71000,22.5000000,230.00000,54.00000
062691004073,CA-0161242-6097679,0626910,CA-0161242,06,08,Cesar Chavez Middle,New Haven Unified,Alameda County,2801 Hop Ranch Rd.,Union City,CA,94587,5708,(510)471-1700,21,Suburb: Large,No,No,Yes,Yes,1252.00000,54.50000,23.0000000,645.00000,133.00000
061674002118,CA-0161192-6056949,0616740,CA-0161192,07,08,Cesar Chavez Middle,Hayward Unified,Alameda County,27845 Whitman Rd.,Hayward,CA,94544,4752,(510)723-3110,12,City: Midsize,No,No,Yes,Yes,548.00000,24.56000,22.3000000,377.00000,50.00000
062805004239,CA-0161259-6001648,0628050,CA-0161259,KG,05,Chabot Elementary,Oakland Unified,Alameda County,6686 Chabot Rd.,Oakland,CA,94618,1641,(510)654-4884,11,City: Large,No,No,No,†,567.00000,21.50000,26.4000000,83.00000,8.00000
060780007661,CA-0161150-6090369,0607800,CA-0161150,KG,05,Chabot Elementary,Castro Valley Unified,Alameda County,PO Box 2146,Castro Valley,CA,94546,,(510)537-2342,21,Suburb: Large,No,No,No,†,468.00000,16.50000,28.4000000,71.00000,24.00000
061674002108,CA-0161192-6000913,0616740,CA-0161192,KG,06,Cherryland Elementary,Hayward Unified,Alameda County,585 Willow Ave.,Hayward,CA,94541,2424,(510)723-3810,21,Suburb: Large,No,No,Yes,Yes,759.00000,30.00000,25.3000000,496.00000,47.00000
061440007479,CA-0161176-0130534,0614400,CA-0161176,KG,12,Circle of Independent Learning,Fremont Unified,Alameda County,4700 Calaveras Ave.,Fremont,CA,94538,1124,(510)797-0100,21,Suburb: Large,Yes,No,Yes,No,347.00000,15.96000,21.7000000,115.00000,28.00000
062805004250,CA-0161259-6057004,0628050,CA-0161259,06,08,Claremont Middle,Oakland Unified,Alameda County,5750 College Ave.,Oakland,CA,94618,1629,(510)654-7337,11,City: Large,No,No,Yes,Yes,474.00000,22.00000,21.5000000,186.00000,25.00000
062805004251,CA-0161259-6001739,0628050,CA-0161259,KG,05,Cleveland Elementary,Oakland Unified,Alameda County,745 Cleveland St.,Oakland,CA,94606,1513,(510)874-3600,11,City: Large,No,No,Yes,Yes,411.00000,15.50000,26.5000000,170.00000,30.00000
062805011920,CA-0161259-0112797,0628050,CA-0161259,06,12,Coliseum College Prep Academy,Oakland Unified,Alameda County,1390 66th Ave.,Oakland,CA,94621,3506,(510)639-3201,11,City: Large,No,No,Yes,Yes,475.00000,29.30000,16.2000000,414.00000,35.00000
063471005847,CA-0161309-6002521,0634710,CA-0161309,KG,05,Colonial Acres Elementary,San Lorenzo Unified,Alameda County,17115 Meekland Ave.,Hayward,CA,94541,1304,(510)317-4500,21,Suburb: Large,No,No,Yes,Yes,590.00000,26.00000,22.7000000,447.00000,38.00000
062805010718,CA-0161259-0106542,0628050,CA-0161259,09,12,Community Day High,Oakland Unified,Alameda County,4917 Mountain Blvd.,Oakland,CA,94619,3014,(510)531-6800,11,City: Large,No,No,Yes,Yes,22.00000,3.00000,7.3000000,19.00000,1.00000
062805010719,CA-0161259-0106559,0628050,CA-0161259,06,08,Community Day Middle,Oakland Unified,Alameda County,4917 Mountain Blvd.,Oakland,CA,94619,3014,(510)531-6800,11,City: Large,No,No,No,†,11.00000,–,†,8.00000,0.00000
062805012058,CA-0161259-0115204,0628050,CA-0161259,KG,05,Community United Elementary,Oakland Unified,Alameda County,6701 International Blvd.,Oakland,CA,94621,3501,(510)639-2850,11,City: Large,No,No,Yes,Yes,367.00000,18.00000,20.4000000,332.00000,15.00000
062691011551,CA-0161242-0110460,0626910,CA-0161242,09,12,Core Learning Academy at Conley-Caraballo High,New Haven Unified,Alameda County,541 Blanche St.,Hayward,CA,94544,7700,(510)471-5126,12,City: Midsize,No,No,Yes,Yes,154.00000,8.60000,17.9000000,69.00000,10.00000
060186000061,CA-0161127-6090146,0601860,CA-0161127,KG,05,Cornell Elementary,Albany City Unified,Alameda County,920 Talbot Ave.,Albany,CA,94706,2020,(510)558-3700,21,Suburb: Large,No,No,No,†,553.00000,24.00000,23.0000000,68.00000,12.00000
063471005848,CA-0161309-6002539,0634710,CA-0161309,KG,05,Corvallis Elementary,San Lorenzo Unified,Alameda County,14790 Corvallis St.,San Leandro,CA,94579,1174,(510)317-4900,13,City: Small,No,No,Yes,No,489.00000,22.00000,22.2000000,252.00000,59.00000
060474006895,CA-0161143-6090195,0604740,CA-0161143,KG,05,Cragmont Elementary,Berkeley Unified,Alameda County,830 Regal Rd.,Berkeley,CA,94708,1308,(510)644-8810,12,City: Midsize,No,No,Yes,Yes,399.00000,20.36000,19.6000000,128.00000,12.00000
060780006909,CA-0161150-6090385,0607800,CA-0161150,06,08,Creekside Middle,Castro Valley Unified,Alameda County,PO Box 2146,Castro Valley,CA,94546,,(510)247-0665,21,Suburb: Large,No,No,No,†,784.00000,33.30000,23.5000000,154.00000,40.00000
062805004253,CA-0161259-6001754,0628050,CA-0161259,KG,05,Crocker Highlands Elementary,Oakland Unified,Alameda County,525 Midcrest Rd.,Oakland,CA,94610,1813,(510)451-5900,11,City: Large,No,No,No,†,473.00000,20.00000,23.7000000,36.00000,2.00000
062706001921,CA-0161234-0130484,0627060,CA-0161234,KG,12,Crossroads High (Alternative),Newark Unified,Alameda County,35753 Cedar Blvd.,Newark,CA,94560,1324,(510)818-3720,21,Suburb: Large,No,No,Yes,No,55.00000,2.00000,27.5000000,30.00000,1.00000
063471007484,CA-0161309-6002547,0634710,CA-0161309,KG,05,Dayton Elementary,San Lorenzo Unified,Alameda County,1500 Dayton Ave.,San Leandro,CA,94579,1528,(510)317-3600,13,City: Small,No,No,Yes,No,472.00000,19.00000,24.8000000,252.00000,43.00000
062691013202,CA-0161242-0126763,0626910,CA-0161242,KG,12,Decoto School for Independent Study,New Haven Unified,Alameda County,725 Whipple Rd.,Union City,CA,94587,2400,(510)476-2696,21,Suburb: Large,No,No,Yes,No,118.00000,5.70000,20.7000000,56.00000,3.00000
063471005850,CA-0161309-6002554,0634710,CA-0161309,KG,05,Del Rey Elementary,San Lorenzo Unified,Alameda County,1510 Via Sonya,San Lorenzo,CA,94580,2760,(510)317-5000,21,Suburb: Large,No,No,Yes,Yes,526.00000,23.00000,22.9000000,292.00000,34.00000
062211002621,CA-0161200-0132670,0622110,CA-0161200,07,12,Del Valle Continuation High,Livermore Valley Joint Unified,Alameda County,2253 Fifth St.,Livermore,CA,94550,4549,(925)606-4709,23,Suburb: Small,No,No,Yes,No,115.00000,12.00000,9.6000000,61.00000,5.00000
062691008675,CA-0161242-6118525,0626910,CA-0161242,KG,05,Delaine Eastin Elementary,New Haven Unified,Alameda County,34901 E.in Dr.,Union City,CA,94587,5577,(510)475-9630,21,Suburb: Large,No,No,No,†,775.00000,31.00000,25.0000000,149.00000,48.00000
062805004255,CA-0161259-0132688,0628050,CA-0161259,09,12,Dewey Academy,Oakland Unified,Alameda County,1111 2nd Ave.,Oakland,CA,94606,2285,(510)874-3660,11,City: Large,No,No,Yes,Yes,240.00000,11.60000,20.7000000,204.00000,10.00000
060177000051,CA-0161119-6090005,0601770,CA-0161119,05,05,Donald D. Lum Elementary,Alameda Unified,Alameda County,420 Grand St.,Alameda,CA,94501,5941,(510)748-4015,21,Suburb: Large,No,No,Yes,No,87.00000,3.00000,29.0000000,28.00000,2.00000
060002009283,CA-0175101-6001366,0600020,CA-0175101,KG,05,Donlon Elementary,Pleasanton Unified,Alameda County,4150 Dorman Rd.,Pleasanton,CA,94588,4411,(925)426-4220,13,City: Small,No,No,No,†,814.00000,32.00000,25.4000000,50.00000,5.00000
060001906929,CA-0175093-6001374,0600019,CA-0175093,KG,05,Dublin Elementary,Dublin Unified,Alameda County,7997 Vomac Rd.,Dublin,CA,94568,1599,(925)833-1204,21,Suburb: Large,No,No,Yes,No,894.00000,33.60000,26.6000000,92.00000,19.00000
060001909273,CA-0175093-0132704,0600019,CA-0175093,09,12,Dublin High,Dublin Unified,Alameda County,8151 Village Pkwy.,Dublin,CA,94568,1656,(925)833-3300,21,Suburb: Large,No,No,Yes,No,2750.00000,113.60000,24.2000000,302.00000,33.00000
062706004087,CA-0161234-6001457,0627060,CA-0161234,KG,06,E. L. Musick Elementary,Newark Unified,Alameda County,5735 Musick Ave.,Newark,CA,94560,2554,(510)818-4000,21,Suburb: Large,No,No,Yes,Yes,295.00000,9.00000,32.8000000,169.00000,22.00000
061440001666,CA-0161176-6000590,0614400,CA-0161176,KG,06,E. M. Grimmer Elementary,Fremont Unified,Alameda County,43030 Newport Dr.,Fremont,CA,94538,6113,(510)656-1250,21,Suburb: Large,No,No,Yes,No,495.00000,24.00000,20.6000000,208.00000,36.00000
061674002109,CA-0161192-6000921,0616740,CA-0161192,KG,06,East Avenue Elementary,Hayward Unified,Alameda County,2424 E. Ave.,Hayward,CA,94541,5634,(510)723-3815,21,Suburb: Large,No,No,No,†,581.00000,24.00000,24.2000000,295.00000,57.00000
062211002623,CA-0161200-6001242,0622110,CA-0161200,06,08,East Avenue Middle,Livermore Valley Joint Unified,Alameda County,3951 E. Ave.,Livermore,CA,94550,4830,(925)606-4711,23,Suburb: Small,No,No,Yes,No,648.00000,26.02000,24.9000000,163.00000,28.00000
063471011567,CA-0161309-0111799,0634710,CA-0161309,09,12,East Bay Arts High,San Lorenzo Unified,Alameda County,20450 Royal Ave.,Hayward,CA,94541,4712,(510)317-4471,21,Suburb: Large,No,No,No,†,220.00000,13.93000,15.8000000,137.00000,8.00000
062805012059,CA-0161259-0115600,0628050,CA-0161259,KG,05,East Oakland Pride Elementary,Oakland Unified,Alameda County,8000 Birch St.,Oakland,CA,94621,2123,(510)636-8217,11,City: Large,No,No,Yes,Yes,351.00000,14.00000,25.1000000,326.00000,10.00000
060008510732,CA-0174013-0195024,0600085,CA-0174013,10,12,Eden Area ROP,Eden Area ROP,Alameda County,26316 Hesperian Blvd.,Hayward,CA,94545,2458,(510)293-2900,12,City: Midsize,No,–,†,†,0.00000,–,†,–,–
061674002110,CA-0161192-6090583,0616740,CA-0161192,KG,06,Eden Gardens Elementary,Hayward Unified,Alameda County,PO Box 5000,Hayward,CA,94540,5000,(510)723-3820,12,City: Midsize,No,No,No,†,587.00000,24.00000,24.5000000,286.00000,45.00000
063471005851,CA-0161309-6002562,0634710,CA-0161309,06,08,Edendale Middle,San Lorenzo Unified,Alameda County,16160 Ashland Ave.,San Lorenzo,CA,94580,1116,(510)317-5100,21,Suburb: Large,No,No,Yes,Yes,699.00000,30.90000,22.6000000,529.00000,51.00000
060177000044,CA-0161119-6090013,0601770,CA-0161119,KG,05,Edison Elementary,Alameda Unified,Alameda County,2700 Buena Vista Ave.,Alameda,CA,94501,1610,(510)748-4002,21,Suburb: Large,No,No,No,†,470.00000,19.00000,24.7000000,55.00000,12.00000
062805004299,CA-0161259-6057061,0628050,CA-0161259,06,08,Edna Brewer Middle,Oakland Unified,Alameda County,3748 13th Ave.,Oakland,CA,94610,2820,(510)531-6600,11,City: Large,No,No,Yes,Yes,805.00000,39.10000,20.6000000,452.00000,54.00000
061674002111,CA-0161192-6000947,0616740,CA-0161192,KG,06,Eldridge Elementary,Hayward Unified,Alameda County,26825 Eldridge Ave.,Hayward,CA,94544,3729,(510)723-3825,12,City: Midsize,No,No,Yes,Yes,423.00000,16.00000,26.4000000,257.00000,44.00000
060001913169,CA-0175093-0125930,0600019,CA-0175093,06,08,Eleanor Murray Fallon,Dublin Unified,Alameda County,3601 Kohnen Way,Dublin,CA,94568,8751,(925)875-9376,21,Suburb: Large,No,No,No,†,1506.00000,61.70000,24.4000000,67.00000,8.00000
062805011961,CA-0161259-0112789,0628050,CA-0161259,06,08,Elmhurst Community Prep,Oakland Unified,Alameda County,1800 98th Ave.,Oakland,CA,94603,2702,(510)639-2888,11,City: Large,No,No,Yes,Yes,371.00000,23.70000,15.7000000,336.00000,16.00000
062805004260,CA-0161259-6001812,0628050,CA-0161259,KG,05,Emerson Elementary,Oakland Unified,Alameda County,4803 Lawton Ave.,Oakland,CA,94609,2208,(510)654-7373,11,City: Large,No,No,Yes,Yes,314.00000,12.50000,25.1000000,210.00000,22.00000
060474000436,CA-0161143-6090211,0604740,CA-0161143,KG,05,Emerson Elementary,Berkeley Unified,Alameda County,2800 Forest Ave.,Berkeley,CA,94705,1309,(510)644-6890,12,City: Midsize,No,No,Yes,Yes,320.00000,16.50000,19.4000000,106.00000,13.00000
061263001426,CA-0161168-0132746,0612630,CA-0161168,09,12,Emery Secondary,Emery Unified,Alameda County,1100 47th St.,Emeryville,CA,94608,2908,(510)601-4998,21,Suburb: Large,No,No,Yes,Yes,179.00000,14.69000,12.2000000,117.00000,15.00000
061263013526,CA-0161168-0119933,0612630,CA-0161168,–,–,Emeryville Preschool Students,Emery Unified,Alameda County,1275 - 61st St.,Emeryville,CA,94608,2132,(510)601-4000,21,Suburb: Large,No,–,†,†,†,–,†,†,†
062211002624,CA-0161200-6001259,0622110,CA-0161200,KG,05,Emma C. Smith Elementary,Livermore Valley Joint Unified,Alameda County,391 Ontario Dr.,Livermore,CA,94550,5249,(925)606-4750,23,Suburb: Small,No,No,No,†,738.00000,28.90000,25.5000000,54.00000,6.00000
060177000045,CA-0161119-0132142,0601770,CA-0161119,06,12,Encinal Junior/Senior High,Alameda Unified,Alameda County,210 Central Ave.,Alameda,CA,94501,3246,(510)748-4023,21,Suburb: Large,No,No,Yes,No,1329.00000,64.26000,20.7000000,534.00000,53.00000
062805010686,CA-0161259-0102988,0628050,CA-0161259,KG,05,EnCompass Academy Elementary,Oakland Unified,Alameda County,1025 81st Ave.,Oakland,CA,94621,2455,(510)639-3350,11,City: Large,No,No,Yes,Yes,326.00000,11.30000,28.8000000,294.00000,13.00000
062805004317,CA-0161259-6002190,0628050,CA-0161259,KG,05,Esperanza Elementary,Oakland Unified,Alameda County,10315 E St.,Oakland,CA,94603,3133,(510)639-3367,11,City: Large,No,No,Yes,Yes,352.00000,13.00000,27.1000000,306.00000,28.00000
060002009286,CA-0175101-6002323,0600020,CA-0175101,KG,05,Fairlands Elementary,Pleasanton Unified,Alameda County,4151 W. Las Positas Blvd.,Pleasanton,CA,94588,4199,(925)426-4210,13,City: Small,No,No,No,†,785.00000,29.40000,26.7000000,38.00000,6.00000
061674002113,CA-0161192-6000962,0616740,CA-0161192,KG,06,Fairview Elementary,Hayward Unified,Alameda County,PO Box 5000,Hayward,CA,94540,5000,(510)723-3830,21,Suburb: Large,No,No,Yes,Yes,567.00000,22.50000,25.2000000,352.00000,52.00000
061674005622,CA-0161192-6113815,0616740,CA-0161192,KG,08,Faith Ringgold School of Arts and Science,Hayward Unified,Alameda County,1570 Ward St.,Hayward,CA,94541,3030,(510)889-7399,12,City: Midsize,No,No,Yes,Yes,140.00000,6.15000,22.8000000,88.00000,13.00000
060002009279,CA-0175101-0130096,0600020,CA-0175101,09,12,Foothill High,Pleasanton Unified,Alameda County,4375 Foothill Rd.,Pleasanton,CA,94588,9799,(925)461-6600,13,City: Small,No,No,Yes,No,2176.00000,91.55000,23.8000000,151.00000,42.00000
061440000488,CA-0161176-6111330,0614400,CA-0161176,KG,06,Forest Park Elementary,Fremont Unified,Alameda County,34400 Maybird Cir.,Fremont,CA,94555,2917,(510)713-0141,21,Suburb: Large,No,No,No,†,1013.00000,38.00000,26.7000000,40.00000,8.00000
060177000054,CA-0161119-6090021,0601770,CA-0161119,KG,05,Frank Otis Elementary,Alameda Unified,Alameda County,3010 Fillmore St.,Alameda,CA,94501,5544,(510)748-4013,21,Suburb: Large,No,No,No,†,644.00000,26.00000,24.8000000,100.00000,11.00000
060177004337,CA-0161119-6090039,0601770,CA-0161119,KG,05,Franklin Elementary,Alameda Unified,Alameda County,1433 San Antonio Ave.,Alameda,CA,94501,4039,(510)748-4004,21,Suburb: Large,No,No,No,†,345.00000,13.00000,26.5000000,68.00000,5.00000
062805004261,CA-0161259-6001820,0628050,CA-0161259,KG,05,Franklin Elementary,Oakland Unified,Alameda County,915 Foothill Blvd.,Oakland,CA,94606,3013,(510)874-3354,11,City: Large,No,No,Yes,Yes,702.00000,27.50000,25.5000000,606.00000,31.00000
061440009139,CA-0161176-6106983,0614400,CA-0161176,KG,06,Fred E. Weibel Elementary,Fremont Unified,Alameda County,45135 S. Grimmer Blvd.,Fremont,CA,94539,6631,(510)651-6958,21,Suburb: Large,No,No,No,†,833.00000,33.00000,25.2000000,53.00000,3.00000
062805011977,CA-0161259-0112813,0628050,CA-0161259,KG,05,Fred T. Korematsu Discovery Academy,Oakland Unified,Alameda County,10315 E St.,Oakland,CA,94603,3133,(510)639-3377,11,City: Large,No,No,Yes,Yes,339.00000,14.00000,24.2000000,301.00000,12.00000
060001909275,CA-0175093-6001390,0600019,CA-0175093,KG,05,Frederiksen Elementary,Dublin Unified,Alameda County,7243 Tamarack Dr.,Dublin,CA,94568,1746,(925)828-1037,21,Suburb: Large,No,No,Yes,No,813.00000,30.80000,26.4000000,132.00000,29.00000
062805013062,CA-0161259-0125716,0628050,CA-0161259,09,12,Fremont High,Oakland Unified,Alameda County,4610 Foothill Blvd.,Oakland,CA,94601,4618,(510)434-5257,11,City: Large,No,No,Yes,Yes,827.00000,45.31000,18.3000000,760.00000,21.00000
062805004263,CA-0161259-6057020,0628050,CA-0161259,06,08,Frick Middle,Oakland Unified,Alameda County,2845 64th Ave.,Oakland,CA,94605,2027,(510)729-7736,11,City: Large,No,No,Yes,Yes,227.00000,15.35000,14.8000000,206.00000,6.00000
062805004264,CA-0161259-6001838,0628050,CA-0161259,KG,05,Fruitvale Elementary,Oakland Unified,Alameda County,3200 Boston Ave.,Oakland,CA,94602,2899,(510)535-2840,11,City: Large,No,No,Yes,Yes,367.00000,17.00000,21.6000000,304.00000,13.00000
062805012057,CA-0161259-0115576,0628050,CA-0161259,KG,05,Futures Elementary,Oakland Unified,Alameda County,6701 International Blvd.,Oakland,CA,94621,3501,(510)636-0520,11,City: Large,No,No,Yes,Yes,294.00000,13.00000,22.6000000,285.00000,6.00000
061440001689,CA-0161176-6056881,0614400,CA-0161176,07,08,G. M. Walters Junior High,Fremont Unified,Alameda County,39600 Logan Dr.,Fremont,CA,94538,1912,(510)656-7211,21,Suburb: Large,No,No,Yes,Yes,742.00000,37.00000,20.1000000,247.00000,62.00000
062805004265,CA-0161259-6001846,0628050,CA-0161259,KG,05,Garfield Elementary,Oakland Unified,Alameda County,1640 22nd Ave.,Oakland,CA,94606,4710,(510)535-2857,11,City: Large,No,No,Yes,Yes,654.00000,25.00000,26.2000000,567.00000,39.00000
063468005833,CA-0161291-6002372,0634680,CA-0161291,KG,05,Garfield Elementary,San Leandro Unified,Alameda County,13701 Bancroft Ave.,San Leandro,CA,94578,,(510)618-4300,13,City: Small,No,No,Yes,Yes,412.00000,16.60000,24.8000000,221.00000,43.00000
062805012506,CA-0161259-0119859,0628050,CA-0161259,09,12,Gateway to College at Laney College,Oakland Unified,Alameda County,900 Fallon St.,Oakland,CA,94607,4808,(510)464-3592,11,City: Large,No,No,Yes,Yes,90.00000,–,†,42.00000,1.00000
061440013675,CA-0161176-0128298,0614400,CA-0161176,KG,KG,Glankler Early Learning Center,Fremont Unified,Alameda County,39207 Sundale Dr.,Fremont,CA,94538,1916,(510)659-2542,21,Suburb: Large,No,No,†,†,0.00000,–,†,–,–
061674002114,CA-0161192-6000988,0616740,CA-0161192,KG,06,Glassbrook Elementary,Hayward Unified,Alameda County,975 Schafer Rd.,Hayward,CA,94544,3614,(510)723-3835,12,City: Midsize,No,No,Yes,Yes,537.00000,22.00000,24.4000000,363.00000,23.00000
061440001663,CA-0161176-6000624,0614400,CA-0161176,KG,06,Glenmoor Elementary,Fremont Unified,Alameda County,4620 Mattos Dr.,Fremont,CA,94536,6784,(510)797-0740,21,Suburb: Large,No,No,Yes,No,651.00000,26.00000,25.0000000,175.00000,32.00000
062805004266,CA-0161259-6001853,0628050,CA-0161259,KG,05,Glenview Elementary,Oakland Unified,Alameda County,4215 La Cresta Ave.,Oakland,CA,94602,1739,(510)531-6677,11,City: Large,No,No,Yes,No,455.00000,19.16000,23.7000000,151.00000,12.00000
062805012053,CA-0161259-0115584,0628050,CA-0161259,KG,05,Global Family,Oakland Unified,Alameda County,2035 40th Ave.,Oakland,CA,94601,4203,(510)879-1280,11,City: Large,No,No,Yes,Yes,442.00000,17.00000,26.0000000,403.00000,25.00000
062211002626,CA-0161200-0133397,0622110,CA-0161200,09,12,Granada High,Livermore Valley Joint Unified,Alameda County,400 Wall St.,Livermore,CA,94550,4066,(925)606-4800,23,Suburb: Small,No,No,No,†,2261.00000,94.30000,24.0000000,404.00000,31.00000
063471007485,CA-0161309-6002604,0634710,CA-0161309,KG,05,Grant Elementary,San Lorenzo Unified,Alameda County,879 Grant Ave.,San Lorenzo,CA,94580,1403,(510)317-3700,21,Suburb: Large,No,No,Yes,Yes,403.00000,16.00000,25.2000000,196.00000,54.00000
062805004269,CA-0161259-6001879,0628050,CA-0161259,KG,05,Grass Valley Elementary,Oakland Unified,Alameda County,4720 Dunkirk Ave.,Oakland,CA,94605,5607,(510)636-4653,11,City: Large,No,No,Yes,Yes,260.00000,11.00000,23.6000000,184.00000,9.00000
062805012055,CA-0161259-0115618,0628050,CA-0161259,KG,08,Greenleaf Elementary,Oakland Unified,Alameda County,6328 E. 17th St.,Oakland,CA,94621,3832,(510)636-1400,11,City: Large,No,No,Yes,Yes,638.00000,27.36000,23.3000000,566.00000,38.00000
062691007481,CA-0161242-6115554,0626910,CA-0161242,KG,05,Guy Jr. Emanuele Elementary,New Haven Unified,Alameda County,600 G St.,Union City,CA,94587,,(510)471-2461,21,Suburb: Large,No,No,Yes,Yes,586.00000,23.50000,24.9000000,298.00000,60.00000
062706004092,CA-0161234-6001473,0627060,CA-0161234,KG,06,H. A. Snow Elementary,Newark Unified,Alameda County,6580 Mirabeau Dr.,Newark,CA,94560,1121,(510)818-3900,21,Suburb: Large,No,No,Yes,Yes,360.00000,13.00000,27.7000000,161.00000,31.00000
061674002115,CA-0161192-6000996,0616740,CA-0161192,KG,06,Harder Elementary,Hayward Unified,Alameda County,495 Wyeth Rd.,Hayward,CA,94544,2951,(510)723-3840,12,City: Midsize,No,No,Yes,Yes,608.00000,24.00000,25.3000000,372.00000,38.00000
060001912927,CA-0175093-0123935,0600019,CA-0175093,KG,05,Harold William Kolb,Dublin Unified,Alameda County,3150 Palermo Way,Dublin,CA,94568,7326,(925)551-4000,41,Rural: Fringe,No,No,No,†,948.00000,37.00000,25.6000000,69.00000,7.00000
060002009289,CA-0175101-6066500,0600020,CA-0175101,06,08,Harvest Park Middle,Pleasanton Unified,Alameda County,4900 Valley Ave.,Pleasanton,CA,94566,5399,(925)426-4444,13,City: Small,No,No,No,†,1189.00000,49.77000,23.9000000,69.00000,11.00000
060002013494,CA-0175101-0122986,0600020,CA-0175101,–,–,Harvest Park Preschool Center,Pleasanton Unified,Alameda County,4900 Valley Ave.,Pleasanton,CA,94566,5399,(925)462-3325,13,City: Small,No,–,†,†,†,–,†,†,†
061440001665,CA-0161176-6000640,0614400,CA-0161176,KG,06,Harvey Green Elementary,Fremont Unified,Alameda County,42875 Gatewood St.,Fremont,CA,94538,4131,(510)656-6438,21,Suburb: Large,No,No,Yes,No,510.00000,20.00000,25.5000000,125.00000,16.00000
063033004730,CA-0161275-6002299,0630330,CA-0161275,KG,05,Havens Elementary,Piedmont City Unified,Alameda County,323 Highland Ave.,Piedmont,CA,94611,4023,(510)594-2699,21,Suburb: Large,No,No,Yes,No,476.00000,21.20000,22.5000000,6.00000,0.00000
061674002116,CA-0161192-0133629,0616740,CA-0161192,09,12,Hayward High,Hayward Unified,Alameda County,PO Box 5000,Hayward,CA,94540,5000,(510)723-3170,12,City: Midsize,No,No,Yes,Yes,1607.00000,71.68000,22.4000000,980.00000,161.00000
060177000047,CA-0161119-6090047,0601770,CA-0161119,KG,05,Henry Haight Elementary,Alameda Unified,Alameda County,2025 Santa Clara Ave.,Alameda,CA,94501,2720,(510)748-4005,21,Suburb: Large,No,No,Yes,Yes,554.00000,22.00000,25.2000000,258.00000,18.00000
060002006951,CA-0175101-6114318,0600020,CA-0175101,KG,05,Henry P. Mohr Elementary,Pleasanton Unified,Alameda County,3300 Dennis Dr.,Pleasanton,CA,94588,8377,(925)426-4256,13,City: Small,No,No,No,†,629.00000,25.50000,24.7000000,28.00000,1.00000
063471005852,CA-0161309-6002612,0634710,CA-0161309,KG,05,Hesperian Elementary,San Lorenzo Unified,Alameda County,620 Drew St.,San Lorenzo,CA,94580,1046,(510)317-5200,21,Suburb: Large,No,No,Yes,Yes,589.00000,26.00000,22.7000000,410.00000,55.00000
061674013823,CA-0161192-0131334,0616740,CA-0161192,KG,12,Highland,Hayward Unified,Alameda County,2021 Highland Blvd.,Hayward,CA,94540,0001,(510)723-3845,12,City: Midsize,No,No,Yes,Yes,25.00000,3.00000,8.3000000,19.00000,2.00000
062805004275,CA-0161259-6001911,0628050,CA-0161259,KG,08,Hillcrest Elementary,Oakland Unified,Alameda County,30 Marguerite Dr.,Oakland,CA,94618,2230,(510)879-1270,11,City: Large,No,No,No,†,387.00000,15.80000,24.5000000,28.00000,0.00000
063471005853,CA-0161309-6002620,0634710,CA-0161309,KG,05,Hillside Elementary,San Lorenzo Unified,Alameda County,15980 Marcella St.,San Leandro,CA,94578,2122,(510)317-5300,21,Suburb: Large,No,No,Yes,Yes,452.00000,19.00000,23.8000000,351.00000,36.00000
062691004071,CA-0161242-6001606,0626910,CA-0161242,KG,05,Hillview Crest Elementary,New Haven Unified,Alameda County,31410 Wheelon Ave.,Hayward,CA,94544,7662,(510)471-5720,12,City: Midsize,No,No,Yes,Yes,540.00000,23.20000,23.3000000,311.00000,76.00000
062805012610,CA-0161259-0121376,0628050,CA-0161259,KG,12,Home and Hospital Program,Oakland Unified,Alameda County,1011 Union St.,Oakland,CA,94607,4808,(510)879-8419,11,City: Large,No,No,No,†,7.00000,0.20000,35.0000000,–,–
062805004276,CA-0161259-6057046,0628050,CA-0161259,KG,05,Hoover Elementary,Oakland Unified,Alameda County,890 Brockhurst St.,Oakland,CA,94608,4318,(510)879-1700,11,City: Large,No,No,Yes,Yes,278.00000,10.50000,26.5000000,258.00000,7.00000
062805004277,CA-0161259-6001929,0628050,CA-0161259,KG,05,Horace Mann Elementary,Oakland Unified,Alameda County,5222 Ygnacio Ave.,Oakland,CA,94601,5422,(510)879-1360,11,City: Large,No,No,Yes,Yes,345.00000,14.00000,24.6000000,318.00000,7.00000
062805004249,CA-0161259-6001713,0628050,CA-0161259,KG,05,Howard Elementary,Oakland Unified,Alameda County,8755 Fontaine St.,Oakland,CA,94605,4197,(510)639-3244,11,City: Large,No,No,Yes,Yes,214.00000,11.00000,19.5000000,181.00000,9.00000
060780009342,CA-0161150-6090393,0607800,CA-0161150,KG,05,Independent Elementary,Castro Valley Unified,Alameda County,PO Box 2146,Castro Valley,CA,94546,,(510)537-9558,21,Suburb: Large,No,No,No,†,660.00000,25.00000,26.4000000,95.00000,16.00000
062805005701,CA-0161259-6114011,0628050,CA-0161259,KG,12,Independent Study Sojourner Truth,Oakland Unified,Alameda County,8251 Fontaine St.,Oakland,CA,94605,4109,(510)729-4308,11,City: Large,No,No,Yes,Yes,147.00000,11.00000,13.4000000,107.00000,4.00000
062805012842,CA-0161259-0121210,0628050,CA-0161259,–,–,Infant and Preschool Program,Oakland Unified,Alameda County,3550 64th Ave.,Oakland,CA,94605,1802,(510)729-7771,11,City: Large,No,–,†,†,†,–,†,†,†
062805008678,CA-0161259-6118616,0628050,CA-0161259,KG,05,International Community,Oakland Unified,Alameda County,2825 International Blvd.,Oakland,CA,94601,1543,(510)532-5400,11,City: Large,No,No,Yes,Yes,306.00000,12.00000,25.5000000,268.00000,9.00000
061440001671,CA-0161176-0134270,0614400,CA-0161176,09,12,Irvington High,Fremont Unified,Alameda County,41800 Blacow Rd.,Fremont,CA,94538,3353,(510)656-5711,21,Suburb: Large,No,Yes,No,†,2360.00000,100.02000,23.6000000,305.00000,53.00000
060177000048,CA-0161119-0134304,0601770,CA-0161119,09,12,Island High (Continuation),Alameda Unified,Alameda County,500 Pacific Ave.,Alameda,CA,94501,2125,(510)748-4024,21,Suburb: Large,No,No,Yes,No,111.00000,9.46000,11.7000000,54.00000,4.00000
062691004066,CA-0161242-6068266,0626910,CA-0161242,06,08,Itliong-Vera Cruz,New Haven Unified,Alameda County,31604 Alvarado Blvd.,Union City,CA,94587,5802,(510)489-0700,21,Suburb: Large,No,No,Yes,No,1378.00000,55.30000,24.9000000,429.00000,128.00000
061440001662,CA-0161176-6000665,0614400,CA-0161176,KG,06,J. Haley Durham Elementary,Fremont Unified,Alameda County,40292 Leslie St.,Fremont,CA,94538,3520,(510)657-7080,21,Suburb: Large,No,No,Yes,No,662.00000,26.00000,25.5000000,140.00000,44.00000
060001913862,CA-0175093-0131615,0600019,CA-0175093,KG,05,J. M. Amador Elementary,Dublin Unified,Alameda County,2100 E. Cantara Dr.,Dublin,CA,94568,6700,(925)307-1950,41,Rural: Fringe,No,No,No,†,968.00000,39.00000,24.8000000,17.00000,0.00000
062211002627,CA-0161200-6001283,0622110,CA-0161200,KG,05,Jackson Avenue Elementary,Livermore Valley Joint Unified,Alameda County,554 Jackson Ave.,Livermore,CA,94550,3434,(925)606-4717,23,Suburb: Small,No,No,Yes,Yes,552.00000,23.30000,23.7000000,209.00000,17.00000
062706004081,CA-0161234-6001481,0627060,CA-0161234,KG,06,James A. Graham Elementary,Newark Unified,Alameda County,36270 Cherry St.,Newark,CA,94560,2318,(510)818-3300,21,Suburb: Large,No,No,Yes,Yes,412.00000,15.00000,27.5000000,245.00000,31.00000
060001908443,CA-0175093-6118038,0600019,CA-0175093,KG,05,James Dougherty Elementary,Dublin Unified,Alameda County,5301 Hibernia Dr.,Dublin,CA,94568,3164,(925)803-4444,21,Suburb: Large,No,No,No,†,957.00000,38.80000,24.7000000,33.00000,1.00000
061440001673,CA-0161176-6000673,0614400,CA-0161176,KG,03,James Leitch Elementary,Fremont Unified,Alameda County,47100 Fernald St.,Fremont,CA,94539,7005,(510)657-6100,21,Suburb: Large,No,No,No,†,902.00000,41.00000,22.0000000,36.00000,2.00000
062691004072,CA-0161242-0134668,0626910,CA-0161242,09,12,James Logan High,New Haven Unified,Alameda County,1800 H St.,Union City,CA,94587,3321,(510)471-2520,21,Suburb: Large,No,No,Yes,Yes,3735.00000,153.38000,24.4000000,1360.00000,374.00000
060474000441,CA-0161143-6090252,0604740,CA-0161143,KG,05,Jefferson Elementary,Berkeley Unified,Alameda County,1400 Ada St.,Berkeley,CA,94702,1217,(510)644-6298,12,City: Midsize,No,No,No,†,408.00000,19.70000,20.7000000,111.00000,19.00000
063468005834,CA-0161291-6002398,0634680,CA-0161291,KG,05,Jefferson Elementary,San Leandro Unified,Alameda County,13701 Bancroft Ave.,San Leandro,CA,94578,,(510)618-4310,13,City: Small,No,No,Yes,Yes,609.00000,25.00000,24.4000000,397.00000,80.00000
060780004339,CA-0161150-6113005,0607800,CA-0161150,KG,05,Jensen Ranch Elementary,Castro Valley Unified,Alameda County,PO Box 2146,Castro Valley,CA,94546,,(510)537-6365,21,Suburb: Large,No,No,No,†,420.00000,15.00000,28.0000000,30.00000,8.00000
062805004280,CA-0161259-6001945,0628050,CA-0161259,KG,05,Joaquin Miller Elementary,Oakland Unified,Alameda County,5525 Ascot Dr.,Oakland,CA,94611,3001,(510)531-6688,11,City: Large,No,No,No,†,435.00000,19.00000,22.9000000,124.00000,14.00000
062211002628,CA-0161200-6001291,0622110,CA-0161200,KG,08,Joe Michell,Livermore Valley Joint Unified,Alameda County,1001 Elaine Ave.,Livermore,CA,94550,5414,(925)606-4738,23,Suburb: Small,No,No,No,†,799.00000,35.17000,22.7000000,149.00000,36.00000
061440001656,CA-0161176-6000541,0614400,CA-0161176,KG,06,John Blacow Elementary,Fremont Unified,Alameda County,40404 Sundale Dr.,Fremont,CA,94538,3314,(510)656-5121,21,Suburb: Large,No,No,Yes,No,461.00000,23.00000,20.0000000,153.00000,44.00000
062706004082,CA-0161234-6001507,0627060,CA-0161234,KG,06,John F. Kennedy Elementary,Newark Unified,Alameda County,35430 Blackburn Dr.,Newark,CA,94560,1312,(510)818-3400,21,Suburb: Large,No,No,No,†,390.00000,11.50000,33.9000000,100.00000,13.00000
061440001672,CA-0161176-0134452,0614400,CA-0161176,09,12,John F. Kennedy High,Fremont Unified,Alameda County,39999 Blacow Rd.,Fremont,CA,94538,1913,(510)657-4070,21,Suburb: Large,No,No,Yes,Yes,1379.00000,65.67000,21.0000000,408.00000,119.00000
061440001675,CA-0161176-6000723,0614400,CA-0161176,KG,06,John G. Mattos Elementary,Fremont Unified,Alameda County,37944 Farwell Dr.,Fremont,CA,94536,7008,(510)793-1359,21,Suburb: Large,No,Yes,No,†,636.00000,28.00000,22.7000000,76.00000,12.00000
061440001664,CA-0161176-6066468,0614400,CA-0161176,KG,06,John Gomes Elementary,Fremont Unified,Alameda County,555 Lemos Ln.,Fremont,CA,94539,3750,(510)656-3414,21,Suburb: Large,No,No,No,†,778.00000,34.00000,22.9000000,41.00000,9.00000
060001912078,CA-0175093-0114579,0600019,CA-0175093,KG,05,John Green Elementary,Dublin Unified,Alameda County,3300 Antone Way,Dublin,CA,94568,7550,(925)833-4200,21,Suburb: Large,No,No,No,†,851.00000,33.10000,25.7000000,28.00000,4.00000
061440001670,CA-0161176-6056907,0614400,CA-0161176,07,08,John M. Horner Junior High,Fremont Unified,Alameda County,41365 Chapel Way,Fremont,CA,94538,4202,(510)656-4000,21,Suburb: Large,No,No,No,†,1212.00000,50.00000,24.2000000,156.00000,23.00000
060474008119,CA-0161143-6105316,0604740,CA-0161143,KG,05,John Muir Elementary,Berkeley Unified,Alameda County,2955 Claremont Ave.,Berkeley,CA,94705,2449,(510)644-6410,12,City: Midsize,No,No,Yes,Yes,296.00000,13.76000,21.5000000,100.00000,16.00000
063468005839,CA-0161291-6066518,0634680,CA-0161291,06,08,John Muir Middle,San Leandro Unified,Alameda County,13701 Bancroft Ave.,San Leandro,CA,94578,,(510)618-4400,13,City: Small,No,No,Yes,Yes,995.00000,43.65000,22.8000000,520.00000,128.00000
061440001655,CA-0161176-6000681,0614400,CA-0161176,KG,06,Joseph Azevada Elementary,Fremont Unified,Alameda County,39450 Royal Palm Dr.,Fremont,CA,94538,1843,(510)657-3900,21,Suburb: Large,No,No,Yes,No,633.00000,28.00000,22.6000000,104.00000,31.00000
061440001661,CA-0161176-6090526,0614400,CA-0161176,KG,06,Joshua Chadbourne Elementary,Fremont Unified,Alameda County,801 Plymouth Ave.,Fremont,CA,94539,4637,(510)656-5242,21,Suburb: Large,No,No,No,†,747.00000,30.00000,24.9000000,39.00000,1.00000
062211002622,CA-0161200-6001234,0622110,CA-0161200,KG,08,Junction K-8,Livermore Valley Joint Unified,Alameda County,298 Junction Ave.,Livermore,CA,94551,5903,(925)606-4720,23,Suburb: Small,No,No,Yes,Yes,888.00000,43.00000,20.7000000,546.00000,27.00000
062805004273,CA-0161259-6001895,0628050,CA-0161259,KG,05,Kaiser Elementary,Oakland Unified,Alameda County,25 S. Hill Ct.,Oakland,CA,94618,2306,(510)549-4900,11,City: Large,No,No,No,†,274.00000,11.00000,24.9000000,67.00000,1.00000
062805004284,CA-0161259-6096523,0628050,CA-0161259,KG,08,La Escuelita Elementary,Oakland Unified,Alameda County,1100 Third Ave.,Oakland,CA,94606,2227,(510)874-7762,11,City: Large,No,No,Yes,Yes,417.00000,17.33000,24.1000000,348.00000,30.00000
062805004287,CA-0161259-6001994,0628050,CA-0161259,KG,05,Laurel Elementary,Oakland Unified,Alameda County,3750 Brown Ave.,Oakland,CA,94619,1406,(510)531-6868,11,City: Large,No,No,Yes,Yes,510.00000,20.00000,25.5000000,368.00000,43.00000
062211014134,CA-0161200-0135376,0622110,CA-0161200,KG,05,Lawrence Elementary,Livermore Valley Joint Unified,Alameda County,2451 Portola Ave.,Livermore,CA,94551,1756,(925)960-2923,23,Suburb: Small,No,No,No,†,321.00000,14.00000,22.9000000,37.00000,0.00000
062211000052,CA-0161200-6110332,0622110,CA-0161200,KG,05,Leo R. Croce Elementary,Livermore Valley Joint Unified,Alameda County,5650 Scenic Ave.,Livermore,CA,94551,1224,(925)606-4706,23,Suburb: Small,No,No,No,†,610.00000,25.00000,24.4000000,130.00000,17.00000
062805008676,CA-0161259-0130575,0628050,CA-0161259,06,12,LIFE Academy,Oakland Unified,Alameda County,2101 35th Ave.,Oakland,CA,94601,3124,(510)534-0282,11,City: Large,No,No,Yes,Yes,464.00000,26.00000,17.8000000,391.00000,36.00000
062805004289,CA-0161259-6002018,0628050,CA-0161259,KG,05,Lincoln Elementary,Oakland Unified,Alameda County,225 11th St.,Oakland,CA,94607,4409,(510)874-3372,11,City: Large,No,No,Yes,Yes,744.00000,28.50000,26.1000000,521.00000,50.00000
062706004083,CA-0161234-6001523,0627060,CA-0161234,KG,06,Lincoln Elementary,Newark Unified,Alameda County,36111 BettenCt. St.,Newark,CA,94560,2101,(510)818-3500,21,Suburb: Large,No,No,Yes,Yes,388.00000,14.50000,26.8000000,177.00000,30.00000
063468005835,CA-0161291-0134528,0634680,CA-0161291,09,12,Lincoln High (Continuation),San Leandro Unified,Alameda County,13701 Bancroft Ave.,San Leandro,CA,94578,9457,(510)618-4460,13,City: Small,No,No,Yes,No,155.00000,9.00000,17.2000000,95.00000,11.00000
060177000049,CA-0161119-6090054,0601770,CA-0161119,06,08,Lincoln Middle,Alameda Unified,Alameda County,1250 Fernside Blvd.,Alameda,CA,94501,4808,(510)748-4018,21,Suburb: Large,No,No,No,†,873.00000,40.73000,21.4000000,130.00000,20.00000
062211002630,CA-0161200-0134536,0622110,CA-0161200,09,12,Livermore High,Livermore Valley Joint Unified,Alameda County,600 Maple St.,Livermore,CA,94550,3298,(925)606-4812,23,Suburb: Small,No,No,No,†,1936.00000,84.49000,22.9000000,407.00000,43.00000
060474000446,CA-0161143-6090294,0604740,CA-0161143,06,08,Longfellow Arts and Technology Middle,Berkeley Unified,Alameda County,1500 Derby St.,Berkeley,CA,94703,1817,(510)644-6360,12,City: Midsize,No,Yes,Yes,Yes,498.00000,28.36000,17.6000000,246.00000,35.00000
061674002120,CA-0161192-6001044,0616740,CA-0161192,KG,06,Longwood Elementary,Hayward Unified,Alameda County,850 Longwood Ave.,Hayward,CA,94541,7151,(510)723-3850,12,City: Midsize,No,No,Yes,Yes,663.00000,27.00000,24.6000000,427.00000,36.00000
063471005855,CA-0161309-6002653,0634710,CA-0161309,KG,05,Lorenzo Manor Elementary,San Lorenzo Unified,Alameda County,18250 Bengal St.,Hayward,CA,94541,2202,(510)317-5400,21,Suburb: Large,No,No,Yes,Yes,587.00000,25.11000,23.4000000,379.00000,61.00000
061674002121,CA-0161192-6001051,0616740,CA-0161192,KG,06,Lorin A. Eden Elementary,Hayward Unified,Alameda County,PO Box 5000,Hayward,CA,94540,5000,(510)723-3855,12,City: Midsize,No,No,No,†,421.00000,16.00000,26.3000000,203.00000,33.00000
060002009284,CA-0175101-6001416,0600020,CA-0175101,KG,05,Lydiksen Elementary,Pleasanton Unified,Alameda County,7700 Highland Oaks Dr.,Pleasanton,CA,94588,4225,(925)426-4420,13,City: Small,No,No,No,†,628.00000,27.00000,23.3000000,33.00000,7.00000
060186007638,CA-0161127-0130294,0601860,CA-0161127,10,12,MacGregor High (Continuation),Albany City Unified,Alameda County,603 Key Route Blvd,Albany,CA,94706,1422,(510)559-6570,21,Suburb: Large,No,No,Yes,No,12.00000,0.41000,29.3000000,3.00000,3.00000
063468007482,CA-0161291-6002414,0634680,CA-0161291,KG,05,Madison Elementary,San Leandro Unified,Alameda County,13701 Bancroft Ave.,San Leandro,CA,94578,,(510)895-7944,13,City: Small,No,No,No,†,488.00000,19.00000,25.7000000,196.00000,45.00000
062805004278,CA-0161259-6066450,0628050,CA-0161259,06,12,Madison Park Academy 6-12,Oakland Unified,Alameda County,400 Capistrano Dr.,Oakland,CA,94603,3520,(510)636-2701,11,City: Large,No,No,Yes,Yes,772.00000,43.68000,17.7000000,683.00000,41.00000
062805004316,CA-0161259-6002182,0628050,CA-0161259,KG,05,Madison Park Academy TK-5,Oakland Unified,Alameda County,470 El Paseo Dr.,Oakland,CA,94603,3565,(510)636-7919,11,City: Large,No,No,Yes,Yes,304.00000,11.00000,27.6000000,269.00000,15.00000
060474000447,CA-0161143-6090286,0604740,CA-0161143,KG,05,Malcolm X Elementary,Berkeley Unified,Alameda County,1731 Prince St.,Berkeley,CA,94703,2464,(510)644-6313,12,City: Midsize,No,No,No,†,551.00000,27.61000,20.0000000,126.00000,12.00000
062805004294,CA-0161259-6002042,0628050,CA-0161259,KG,05,Manzanita Community,Oakland Unified,Alameda County,2409 E. 27th St.,Oakland,CA,94601,1303,(510)535-2822,11,City: Large,No,No,Yes,Yes,438.00000,18.50000,23.7000000,381.00000,20.00000
062805011557,CA-0161259-0110247,0628050,CA-0161259,KG,05,Manzanita SEED Elementary,Oakland Unified,Alameda County,2409 E. 27th St.,Oakland,CA,94601,1303,(510)535-2832,11,City: Large,No,No,Yes,Yes,400.00000,17.00000,23.5000000,245.00000,18.00000
060186000062,CA-0161127-6095376,0601860,CA-0161127,KG,05,Marin Elementary,Albany City Unified,Alameda County,1001 Santa Fe Ave.,Albany,CA,94706,2341,(510)559-4700,21,Suburb: Large,No,No,No,†,508.00000,20.00000,25.4000000,64.00000,9.00000
062805004296,CA-0161259-6002059,0628050,CA-0161259,KG,05,Markham Elementary,Oakland Unified,Alameda County,7220 Krause Ave.,Oakland,CA,94605,2380,(510)639-3202,11,City: Large,No,No,Yes,Yes,340.00000,12.00000,28.3000000,318.00000,11.00000
060780000746,CA-0161150-6090401,0607800,CA-0161150,KG,05,Marshall Elementary,Castro Valley Unified,Alameda County,PO Box 2146,Castro Valley,CA,94546,,(510)537-2431,21,Suburb: Large,No,No,Yes,Yes,502.00000,20.00000,25.1000000,158.00000,29.00000
062805004297,CA-0161259-6072235,0628050,CA-0161259,KG,04,Martin Luther King Jr. Elementary,Oakland Unified,Alameda County,960 Tenth St.,Oakland,CA,94607,3106,(510)874-3381,11,City: Large,No,No,Yes,Yes,269.00000,11.00000,24.5000000,257.00000,6.00000
061674002107,CA-0161192-6066476,0616740,CA-0161192,07,08,Martin Luther King Jr. Middle,Hayward Unified,Alameda County,PO Box 5000,Hayward,CA,94540,5000,(510)723-3120,12,City: Midsize,No,No,Yes,Yes,732.00000,30.78000,23.8000000,448.00000,63.00000
060474000443,CA-0161143-6056857,0604740,CA-0161143,06,08,Martin Luther King Middle,Berkeley Unified,Alameda County,1781 Rose St.,Berkeley,CA,94703,1048,(510)644-6280,12,City: Midsize,No,No,Yes,Yes,1024.00000,47.00000,21.8000000,250.00000,29.00000
062211002631,CA-0161200-6001317,0622110,CA-0161200,KG,05,Marylin Avenue Elementary,Livermore Valley Joint Unified,Alameda County,800 Marylin Ave.,Livermore,CA,94551,6514,(925)606-4724,23,Suburb: Small,No,No,Yes,Yes,416.00000,20.90000,19.9000000,307.00000,15.00000
060177013107,CA-0161119-0126656,0601770,CA-0161119,KG,05,Maya Lin,Alameda Unified,Alameda County,825 Taylor St.,Alameda,CA,94501,3411,(510)337-7007,21,Suburb: Large,No,Yes,No,†,415.00000,17.00000,24.4000000,89.00000,7.00000
062805011555,CA-0161259-0110189,0628050,CA-0161259,09,12,McClymonds High,Oakland Unified,Alameda County,2607 Myrtle St.,Oakland,CA,94607,3415,(510)238-8607,11,City: Large,No,No,Yes,Yes,401.00000,22.40000,17.9000000,339.00000,15.00000
063468005837,CA-0161291-6002422,0634680,CA-0161291,KG,05,McKinley Elementary,San Leandro Unified,Alameda County,13701 Bancroft Ave.,San Leandro,CA,94578,,(510)618-4320,13,City: Small,No,No,Yes,Yes,484.00000,19.00000,25.5000000,299.00000,53.00000
062805008679,CA-0161259-6118640,0628050,CA-0161259,KG,08,Melrose Leadership Academy,Oakland Unified,Alameda County,4730 Fleming Ave.,Oakland,CA,94619,2515,(510)535-3832,11,City: Large,No,No,Yes,Yes,508.00000,23.00000,22.1000000,231.00000,22.00000
062805011350,CA-0161259-0100701,0628050,CA-0161259,09,12,MetWest High,Oakland Unified,Alameda County,314 E. Tenth St.,Oakland,CA,94606,2302,(510)451-5902,11,City: Large,No,No,Yes,Yes,174.00000,11.00000,15.8000000,120.00000,12.00000
063033007819,CA-0161275-0130286,0630330,CA-0161275,09,12,Millennium High Alternative,Piedmont City Unified,Alameda County,760 Magnolia Ave.,Piedmont,CA,94611,4029,(510)594-2703,21,Suburb: Large,No,No,Yes,No,60.00000,5.50000,10.9000000,10.00000,0.00000
061440001677,CA-0161176-6090534,0614400,CA-0161176,KG,06,Mission San Jose Elementary,Fremont Unified,Alameda County,43545 Bryant St.,Fremont,CA,94539,5885,(510)656-1200,21,Suburb: Large,No,No,No,†,550.00000,23.00000,23.9000000,20.00000,2.00000
061440001678,CA-0161176-0135244,0614400,CA-0161176,09,12,Mission San Jose High,Fremont Unified,Alameda County,41717 Palm Ave.,Fremont,CA,94539,4799,(510)657-3600,21,Suburb: Large,No,Yes,No,†,2014.00000,81.01000,24.9000000,110.00000,8.00000
061440001679,CA-0161176-6000749,0614400,CA-0161176,KG,06,Mission Valley Elementary,Fremont Unified,Alameda County,41700 Denise St.,Fremont,CA,94539,4562,(510)656-2000,21,Suburb: Large,No,No,No,†,709.00000,30.00000,23.6000000,59.00000,7.00000
060008610733,CA-0174021-0195032,0600086,CA-0174021,09,12,Mission Valley ROCP,Mission Valley ROC/P,Alameda County,5019 Stevenson Blvd.,Fremont,CA,94538,2449,(510)657-1865,21,Suburb: Large,No,–,†,†,0.00000,–,†,–,–
062805004285,CA-0161259-6001978,0628050,CA-0161259,03,05,MLK / Lafayette Elementary,Oakland Unified,Alameda County,991 14th St.,Oakland,CA,94607,3230,(510)874-7774,11,City: Large,No,No,Yes,Yes,165.00000,5.00000,33.0000000,144.00000,3.00000
063468005838,CA-0161291-6002430,0634680,CA-0161291,KG,05,Monroe Elementary,San Leandro Unified,Alameda County,13701 Bancroft Ave.,San Leandro,CA,94578,,(510)618-4340,13,City: Small,No,No,Yes,Yes,376.00000,16.00000,23.5000000,183.00000,59.00000
062805004302,CA-0161259-6002083,0628050,CA-0161259,KG,05,Montclair Elementary,Oakland Unified,Alameda County,1757 Mountain Blvd.,Oakland,CA,94611,2259,(510)339-6100,11,City: Large,No,No,No,†,634.00000,25.50000,24.9000000,122.00000,15.00000
062805004303,CA-0161259-6057079,0628050,CA-0161259,06,08,Montera Middle,Oakland Unified,Alameda County,5555 Ascot Dr.,Oakland,CA,94611,3001,(510)531-6070,11,City: Large,No,No,Yes,No,774.00000,47.85000,16.2000000,362.00000,54.00000
062613003910,CA-0161218-6001358,0626130,CA-0161218,KG,08,Mountain House Elementary,Mountain House Elementary,Alameda County,3950 Mountain House Rd.,Byron,CA,94514,1920,(209)835-2283,41,Rural: Fringe,No,No,–,–,20.00000,1.00000,20.0000000,16.00000,0.00000
061674002124,CA-0161192-0135319,0616740,CA-0161192,09,12,Mt. Eden High,Hayward Unified,Alameda County,2300 Panama St.,Hayward,CA,94545,4662,(510)723-3180,12,City: Midsize,No,No,Yes,Yes,1978.00000,86.17000,23.0000000,1080.00000,214.00000
060001909276,CA-0175093-6001424,0600019,CA-0175093,KG,05,Murray Elementary,Dublin Unified,Alameda County,8435 Davona Dr.,Dublin,CA,94568,1107,(925)828-2568,21,Suburb: Large,No,No,Yes,No,522.00000,24.50000,21.3000000,73.00000,15.00000
062805004274,CA-0161259-6001903,0628050,CA-0161259,KG,05,New Highland Academy,Oakland Unified,Alameda County,8521 A St.,Oakland,CA,94621,1619,(510)729-7723,11,City: Large,No,No,Yes,Yes,351.00000,13.00000,27.0000000,325.00000,17.00000
062706007796,CA-0161234-6102917,0627060,CA-0161234,07,08,Newark Junior High,Newark Unified,Alameda County,6201 Lafayette Ave.,Newark,CA,94560,2432,(510)818-3000,21,Suburb: Large,No,No,Yes,Yes,876.00000,28.87000,30.3000000,385.00000,98.00000
062706004085,CA-0161234-0130054,0627060,CA-0161234,09,12,Newark Memorial High,Newark Unified,Alameda County,39375 Cedar Blvd.,Newark,CA,94560,5007,(510)818-4300,21,Suburb: Large,No,No,No,†,1789.00000,60.79000,29.4000000,673.00000,129.00000
061440001680,CA-0161176-6000756,0614400,CA-0161176,KG,06,Niles Elementary,Fremont Unified,Alameda County,37141 Second St.,Fremont,CA,94536,2835,(510)793-1141,21,Suburb: Large,No,No,No,†,605.00000,23.00000,26.3000000,61.00000,15.00000
061440001668,CA-0161176-6000764,0614400,CA-0161176,KG,06,O. N. Hirsch Elementary,Fremont Unified,Alameda County,41399 Chapel Way,Fremont,CA,94538,4202,(510)657-3537,21,Suburb: Large,No,No,Yes,No,570.00000,23.50000,24.3000000,107.00000,18.00000
062805004304,CA-0161259-0135905,0628050,CA-0161259,09,12,Oakland High,Oakland Unified,Alameda County,1023 MacArthur Blvd.,Oakland,CA,94610,3930,(510)874-3676,11,City: Large,No,No,Yes,Yes,1568.00000,80.71000,19.4000000,1263.00000,106.00000
062805012049,CA-0161259-0115667,0628050,CA-0161259,09,12,Oakland International High,Oakland Unified,Alameda County,4521 Webster St.,Oakland,CA,94609,2140,(510)597-4287,11,City: Large,No,No,Yes,Yes,367.00000,24.00000,15.3000000,334.00000,19.00000
062805014086,CA-0161259-0135210,0628050,CA-0161259,06,08,Oakland SOL (School of Language) Dual Language Middle,Oakland Unified,Alameda County,1180 70th Ave.,Oakland,CA,94621,3216,(510)812-8903,11,City: Large,No,Yes,Yes,No,55.00000,4.00000,13.8000000,44.00000,3.00000
062805004305,CA-0161259-0136051,0628050,CA-0161259,09,12,Oakland Technical High,Oakland Unified,Alameda County,4351 BRd.way,Oakland,CA,94611,4612,(510)450-5400,11,City: Large,No,No,Yes,Yes,1998.00000,95.65000,20.9000000,848.00000,122.00000
060186007937,CA-0161127-6116222,0601860,CA-0161127,KG,05,Ocean View Elementary,Albany City Unified,Alameda County,1000 Jackson St.,Albany,CA,94706,1904,(510)558-4800,21,Suburb: Large,No,No,Yes,No,574.00000,23.30000,24.6000000,161.00000,20.00000
061440001683,CA-0161176-6090542,0614400,CA-0161176,KG,06,Oliveira Elementary,Fremont Unified,Alameda County,4180 Alder Ave.,Fremont,CA,94536,4799,(510)797-1135,21,Suburb: Large,No,No,Yes,No,858.00000,34.51000,24.9000000,132.00000,33.00000
069105114090,CA-0110017-0136226,0691051,CA-0110017,10,12,Opportunity Academy,Alameda County Office of Education,Alameda County,313 W. Winton Ave.,Hayward,CA,94544,1136,(510)670-4590,11,City: Large,Yes,No,No,†,23.00000,1.00000,23.0000000,18.00000,0.00000
060474000448,CA-0161143-6090302,0604740,CA-0161143,KG,05,Oxford Elementary,Berkeley Unified,Alameda County,1130 Oxford St.,Berkeley,CA,94707,2624,(510)644-6300,12,City: Midsize,No,No,Yes,Yes,290.00000,14.26000,20.3000000,96.00000,7.00000
061674002126,CA-0161192-6001093,0616740,CA-0161192,KG,06,Palma Ceia Elementary,Hayward Unified,Alameda County,27679 Melbourne Ave.,Hayward,CA,94545,4723,(510)723-3870,12,City: Midsize,No,No,Yes,Yes,557.00000,23.00000,24.2000000,344.00000,55.00000
060780000747,CA-0161150-6090419,0607800,CA-0161150,KG,05,Palomares Elementary,Castro Valley Unified,Alameda County,PO Box 2146,Castro Valley,CA,94546,,(510)582-4207,21,Suburb: Large,No,No,No,†,145.00000,6.40000,22.7000000,20.00000,3.00000
061674002127,CA-0161192-6001101,0616740,CA-0161192,KG,06,Park Elementary,Hayward Unified,Alameda County,411 Larchmont St.,Hayward,CA,94540,1103,(510)293-8515,12,City: Midsize,No,No,Yes,Yes,552.00000,23.00000,24.0000000,384.00000,39.00000
062805004306,CA-0161259-6002091,0628050,CA-0161259,KG,08,Parker Elementary,Oakland Unified,Alameda County,7929 Ney Ave.,Oakland,CA,94605,3311,(510)879-1440,11,City: Large,No,No,Yes,Yes,370.00000,17.36000,21.3000000,328.00000,4.00000
061440001684,CA-0161176-6000798,0614400,CA-0161176,KG,06,Parkmont Elementary,Fremont Unified,Alameda County,2601 Parkside Dr.,Fremont,CA,94536,5246,(510)793-7492,21,Suburb: Large,No,No,No,†,881.00000,32.80000,26.9000000,79.00000,12.00000
061440001685,CA-0161176-6000806,0614400,CA-0161176,KG,06,Patterson Elementary,Fremont Unified,Alameda County,35521 Cabrillo Dr.,Fremont,CA,94536,5499,(510)793-0420,21,Suburb: Large,No,No,Yes,No,770.00000,30.51000,25.2000000,158.00000,19.00000
062805004307,CA-0161259-6002109,0628050,CA-0161259,KG,05,Peralta Elementary,Oakland Unified,Alameda County,460 63rd St.,Oakland,CA,94609,1339,(510)654-7365,11,City: Large,No,No,No,†,329.00000,14.00000,23.5000000,54.00000,5.00000
060002008445,CA-0175101-6117600,0600020,CA-0175101,KG,05,Phoebe Apperson Hearst Elementary,Pleasanton Unified,Alameda County,5301 Case Ave.,Pleasanton,CA,94566,8005,(925)426-3772,13,City: Small,No,No,No,†,675.00000,26.00000,26.0000000,47.00000,5.00000
062805004308,CA-0161259-6002117,0628050,CA-0161259,KG,05,Piedmont Avenue Elementary,Oakland Unified,Alameda County,4314 Piedmont Ave.,Oakland,CA,94611,4716,(510)654-7377,11,City: Large,No,No,Yes,Yes,334.00000,14.00000,23.9000000,220.00000,16.00000
063033004731,CA-0161275-0136515,0630330,CA-0161275,09,12,Piedmont High,Piedmont City Unified,Alameda County,800 Magnolia Ave.,Piedmont,CA,94611,4029,(510)594-2626,21,Suburb: Large,No,No,No,†,813.00000,47.21000,17.2000000,11.00000,0.00000
063033004732,CA-0161275-6066492,0630330,CA-0161275,06,08,Piedmont Middle,Piedmont City Unified,Alameda County,740 Magnolia Ave.,Piedmont,CA,94611,4047,(510)594-2668,21,Suburb: Large,No,No,No,†,665.00000,40.60000,16.4000000,12.00000,0.00000
063033013442,CA-0161275-0125492,0630330,CA-0161275,–,–,Piedmont Preschool,Piedmont City Unified,Alameda County,760 Magnolia Ave.,Piedmont,CA,94611,4047,(510)594-2892,21,Suburb: Large,No,–,†,†,†,–,†,†,†
062691007795,CA-0161242-6101604,0626910,CA-0161242,KG,05,Pioneer Elementary,New Haven Unified,Alameda County,32737 Bel Aire St.,Union City,CA,94587,5500,(510)487-4530,21,Suburb: Large,No,No,Yes,No,795.00000,33.00000,24.1000000,232.00000,72.00000
060002009682,CA-0175101-6108971,0600020,CA-0175101,06,08,Pleasanton Middle,Pleasanton Unified,Alameda County,5001 Case Ave.,Pleasanton,CA,94566,1171,(925)426-4390,13,City: Small,No,No,Yes,No,1238.00000,56.09000,22.1000000,125.00000,25.00000
062805004309,CA-0161259-6002125,0628050,CA-0161259,KG,05,Prescott,Oakland Unified,Alameda County,920 Campbell St.,Oakland,CA,94607,1320,(510)874-3333,11,City: Large,No,No,Yes,Yes,181.00000,8.00000,22.6000000,158.00000,4.00000
060780000749,CA-0161150-6090435,0607800,CA-0161150,KG,05,Proctor Elementary,Castro Valley Unified,Alameda County,PO Box 2146,Castro Valley,CA,94546,,(510)537-0630,21,Suburb: Large,No,No,No,†,494.00000,18.50000,26.7000000,64.00000,22.00000
062805012325,CA-0161259-0118653,0628050,CA-0161259,09,12,Ralph J. Bunche High,Oakland Unified,Alameda County,1240 18th St.,Oakland,CA,94607,2223,(510)874-3300,11,City: Large,No,No,Yes,Yes,100.00000,10.70000,9.3000000,86.00000,1.00000
062211002632,CA-0161200-6089338,0622110,CA-0161200,KG,05,Rancho Las Positas Elementary,Livermore Valley Joint Unified,Alameda County,401 E. Jack London Blvd.,Livermore,CA,94551,1853,(925)606-4748,23,Suburb: Small,No,No,No,†,602.00000,25.00000,24.1000000,124.00000,12.00000
062805011556,CA-0161259-0110239,0628050,CA-0161259,KG,05,Reach Academy,Oakland Unified,Alameda County,9845 Bancroft Ave.,Oakland,CA,94603,2750,(510)729-7775,11,City: Large,No,No,Yes,Yes,397.00000,15.00000,26.5000000,314.00000,14.00000
060780000744,CA-0161150-0135533,0607800,CA-0161150,09,12,Redwood Continuation High,Castro Valley Unified,Alameda County,18400 Clifton Way,Castro Valley,CA,94546,0146,(510)537-3193,21,Suburb: Large,No,No,Yes,No,109.00000,8.40000,13.0000000,48.00000,4.00000
062805004310,CA-0161259-6002141,0628050,CA-0161259,KG,05,Redwood Heights Elementary,Oakland Unified,Alameda County,4401 39th Ave.,Oakland,CA,94619,1614,(510)531-6644,11,City: Large,No,No,No,†,362.00000,16.00000,22.6000000,88.00000,15.00000
062805011559,CA-0161259-0110262,0628050,CA-0161259,KG,05,Rise Community,Oakland Unified,Alameda County,8521 A St.,Oakland,CA,94621,1619,(510)729-7732,11,City: Large,No,No,Yes,Yes,242.00000,10.00000,24.2000000,230.00000,6.00000
061440001686,CA-0161176-0130138,0614400,CA-0161176,09,12,Robertson High (Continuation),Fremont Unified,Alameda County,4455 Seneca Park Ave.,Fremont,CA,94538,4028,(510)657-9155,21,Suburb: Large,No,No,Yes,Yes,167.00000,18.00000,9.3000000,78.00000,5.00000
063468005841,CA-0161291-6002448,0634680,CA-0161291,KG,05,Roosevelt Elementary,San Leandro Unified,Alameda County,13701 Bancroft Ave.,San Leandro,CA,94578,,(510)618-4350,13,City: Small,No,No,No,†,528.00000,19.00000,27.8000000,147.00000,31.00000
062805004312,CA-0161259-6057087,0628050,CA-0161259,06,08,Roosevelt Middle,Oakland Unified,Alameda County,1926 19th Ave.,Oakland,CA,94606,4170,(510)535-2877,11,City: Large,No,No,Yes,Yes,548.00000,33.00000,16.6000000,490.00000,23.00000
062805011907,CA-0161259-0112805,0628050,CA-0161259,06,08,ROOTS International Academy,Oakland Unified,Alameda County,1390 66th Ave.,Oakland,CA,94621,3506,(510)639-3226,11,City: Large,No,No,Yes,Yes,309.00000,24.10000,12.8000000,286.00000,13.00000
060474006865,CA-0161143-6090187,0604740,CA-0161143,KG,05,Rosa Parks Environmental Science,Berkeley Unified,Alameda County,920 Allston Way,Berkeley,CA,94710,2389,(510)644-8812,12,City: Midsize,No,No,No,†,445.00000,21.19000,21.0000000,99.00000,6.00000
060780000750,CA-0161150-0130047,0607800,CA-0161150,09,12,Roy A. Johnson High,Castro Valley Unified,Alameda County,PO Box 2146,Castro Valley,CA,94546,,(510)537-3000,21,Suburb: Large,No,No,No,†,13.00000,2.00000,6.5000000,3.00000,0.00000
063471005858,CA-0161309-0137745,0634710,CA-0161309,07,12,Royal Sunset (Continuation),San Lorenzo Unified,Alameda County,20450 Royal Ave.,Hayward,CA,94541,4712,(510)317-4400,21,Suburb: Large,No,No,No,†,137.00000,8.23000,16.6000000,77.00000,9.00000
060177011549,CA-0161119-0111765,0601770,CA-0161119,KG,05,Ruby Bridges Elementary,Alameda Unified,Alameda County,351 Jack London Ave.,Alameda,CA,94501,3901,(510)748-4006,21,Suburb: Large,No,No,Yes,Yes,504.00000,20.00000,25.2000000,303.00000,34.00000
062805007326,CA-0161259-0130146,0628050,CA-0161259,09,12,Rudsdale Continuation,Oakland Unified,Alameda County,8251 Fontaine St.,Oakland,CA,94605,4109,(510)729-4303,11,City: Large,No,No,Yes,Yes,187.00000,11.84000,15.8000000,145.00000,4.00000
061674002129,CA-0161192-6001127,0616740,CA-0161192,KG,06,Ruus Elementary,Hayward Unified,Alameda County,28027 Dickens Ave.,Hayward,CA,94540,5639,(510)723-3885,12,City: Midsize,No,No,Yes,Yes,536.00000,21.00000,25.5000000,326.00000,51.00000
063468005842,CA-0161291-0137588,0634680,CA-0161291,09,12,San Leandro High,San Leandro Unified,Alameda County,13701 Bancroft Ave.,San Leandro,CA,94577,,(510)618-4600,13,City: Small,No,No,No,†,2657.00000,116.00000,22.9000000,1300.00000,299.00000
063471005859,CA-0161309-0137810,0634710,CA-0161309,09,12,San Lorenzo High,San Lorenzo Unified,Alameda County,50 E. Lewelling Blvd.,San Lorenzo,CA,94580,1732,(510)317-3000,21,Suburb: Large,No,No,Yes,No,1412.00000,62.63000,22.5000000,863.00000,99.00000
063471014128,CA-0161309-0129569,0634710,CA-0161309,–,–,San Lorenzo Unified Preschool,San Lorenzo Unified,Alameda County,20450 Royal Ave.,Hayward,CA,94541,4712,(510)317-4400,21,Suburb: Large,No,–,†,†,†,–,†,†,†
062805011558,CA-0161259-0110254,0628050,CA-0161259,KG,05,Sankofa Academy,Oakland Unified,Alameda County,581 61st St.,Oakland,CA,94609,1248,(510)654-7787,11,City: Large,No,No,Yes,Yes,187.00000,8.50000,22.0000000,162.00000,7.00000
061674002130,CA-0161192-6001135,0616740,CA-0161192,KG,06,Schafer Park Elementary,Hayward Unified,Alameda County,PO Box 5000,Hayward,CA,94540,5000,(510)723-3895,12,City: Midsize,No,No,Yes,Yes,768.00000,30.90000,24.9000000,477.00000,42.00000
062691004074,CA-0161242-6001622,0626910,CA-0161242,KG,05,Searles Elementary,New Haven Unified,Alameda County,33629 15th St.,Union City,CA,94587,3322,(510)471-2772,21,Suburb: Large,No,No,Yes,Yes,673.00000,28.00000,24.0000000,371.00000,72.00000
062805004314,CA-0161259-6002174,0628050,CA-0161259,KG,05,Sequoia Elementary,Oakland Unified,Alameda County,3730 Lincoln Ave.,Oakland,CA,94602,2468,(510)531-6696,11,City: Large,No,No,No,†,436.00000,17.50000,24.9000000,138.00000,8.00000
062805004315,CA-0161259-0137943,0628050,CA-0161259,09,12,Skyline High,Oakland Unified,Alameda County,12250 Skyline Blvd.,Oakland,CA,94619,2425,(510)482-7109,11,City: Large,No,No,Yes,Yes,1756.00000,96.30000,18.2000000,1186.00000,116.00000
061674002132,CA-0161192-6001176,0616740,CA-0161192,KG,06,Southgate Elementary,Hayward Unified,Alameda County,26601 Calaroga Ave.,Hayward,CA,94545,3121,(510)723-3905,12,City: Midsize,No,No,No,†,681.00000,28.00000,24.3000000,344.00000,62.00000
061674013405,CA-0161192-0119842,0616740,CA-0161192,–,–,Special Education-Preschool-Laurel,Hayward Unified,Alameda County,2652 Vergil Ct.,Castro Valley,CA,94546,6402,(510)293-8599,21,Suburb: Large,No,–,†,†,†,–,†,†,†
060780009525,CA-0161150-6090468,0607800,CA-0161150,KG,05,Stanton Elementary,Castro Valley Unified,Alameda County,PO Box 2146,Castro Valley,CA,94546,,(510)727-9192,21,Suburb: Large,No,No,Yes,No,467.00000,18.40000,25.4000000,113.00000,35.00000
061440001676,CA-0161176-6090559,0614400,CA-0161176,KG,06,Steven Millard Elementary,Fremont Unified,Alameda County,5200 Valpey Park Dr.,Fremont,CA,94538,3262,(510)657-0344,21,Suburb: Large,No,No,Yes,No,578.00000,24.00000,24.1000000,80.00000,34.00000
061674011550,CA-0161192-0111815,0616740,CA-0161192,KG,06,Stonebrae Elementary,Hayward Unified,Alameda County,24411 Amador St.,Hayward,CA,94540,,(510)723-3910,12,City: Midsize,No,No,No,†,746.00000,30.50000,24.5000000,314.00000,35.00000
062805007804,CA-0161259-0130179,0628050,CA-0161259,09,12,Street Academy (Alternative),Oakland Unified,Alameda County,417 29th St.,Oakland,CA,94609,3510,(510)874-3630,11,City: Large,No,No,Yes,Yes,108.00000,6.50000,16.6000000,90.00000,4.00000
061674008855,CA-0161192-6062160,0616740,CA-0161192,KG,06,Strobridge Elementary,Hayward Unified,Alameda County,PO Box 5000,Hayward,CA,94540,5000,(510)723-3915,12,City: Midsize,No,No,Yes,Yes,540.00000,20.00000,27.0000000,311.00000,37.00000
060002109291,CA-0175119-6002711,0600021,CA-0175119,KG,08,Sunol Glen Elementary,Sunol Glen Unified,Alameda County,11601 Main St.,Sunol,CA,94586,9519,(925)862-2026,41,Rural: Fringe,No,No,Yes,No,293.00000,13.50000,21.7000000,26.00000,2.00000
062211002635,CA-0161200-6097661,0622110,CA-0161200,KG,05,Sunset Elementary,Livermore Valley Joint Unified,Alameda County,1671 Frankfurt Way,Livermore,CA,94550,6146,(925)606-5230,23,Suburb: Small,No,No,No,†,776.00000,30.60000,25.4000000,54.00000,4.00000
060474000445,CA-0161143-6090278,0604740,CA-0161143,KG,05,Sylvia Mendez Elementary,Berkeley Unified,Alameda County,2241 Russell St.,Berkeley,CA,94705,1029,(510)644-6290,12,City: Midsize,No,No,Yes,Yes,381.00000,20.28000,18.8000000,124.00000,18.00000
061674002135,CA-0161192-0138339,0616740,CA-0161192,09,12,Tennyson High,Hayward Unified,Alameda County,27035 Whitman Rd.,Hayward,CA,94544,4099,(510)723-3190,12,City: Midsize,No,No,Yes,Yes,1446.00000,66.15000,21.9000000,977.00000,111.00000
062805011294,CA-0161259-0100792,0628050,CA-0161259,KG,05,Think College Now,Oakland Unified,Alameda County,2825 International Blvd.,Oakland,CA,94601,1543,(510)532-5500,11,City: Large,No,No,Yes,Yes,307.00000,13.00000,23.6000000,248.00000,28.00000
060002008444,CA-0175101-6117592,0600020,CA-0175101,06,08,Thomas S. Hart Middle,Pleasanton Unified,Alameda County,4433 Willow Rd.,Pleasanton,CA,94588,8520,(925)426-3102,13,City: Small,No,No,Yes,No,1247.00000,54.20000,23.0000000,84.00000,16.00000
062805004318,CA-0161259-6002216,0628050,CA-0161259,KG,05,Thornhill Elementary,Oakland Unified,Alameda County,5880 Thornhill Dr.,Oakland,CA,94611,2147,(510)339-6800,11,City: Large,No,No,No,†,390.00000,18.00000,21.7000000,60.00000,3.00000
061440001687,CA-0161176-6056915,0614400,CA-0161176,07,08,Thornton Junior High,Fremont Unified,Alameda County,4357 Thornton Ave.,Fremont,CA,94536,4897,(510)793-9090,21,Suburb: Large,No,No,No,†,1333.00000,54.93000,24.3000000,171.00000,38.00000
060474000450,CA-0161143-6090310,0604740,CA-0161143,KG,05,Thousand Oaks Elementary,Berkeley Unified,Alameda County,840 Colusa Ave.,Berkeley,CA,94707,1858,(510)644-6368,12,City: Midsize,No,No,Yes,Yes,423.00000,22.66000,18.7000000,154.00000,27.00000
062691007480,CA-0161242-6115505,0626910,CA-0161242,KG,05,Tom Kitayama Elementary,New Haven Unified,Alameda County,1959 Sunsprite Dr.,Union City,CA,94587,1995,(510)475-3982,21,Suburb: Large,No,No,Yes,Yes,811.00000,32.00000,25.3000000,297.00000,61.00000
061440001674,CA-0161176-6000715,0614400,CA-0161176,KG,06,Tom Maloney Elementary,Fremont Unified,Alameda County,38700 Logan Dr.,Fremont,CA,94536,6899,(510)797-4426,21,Suburb: Large,No,No,Yes,No,591.00000,24.00000,24.6000000,117.00000,17.00000
061674002136,CA-0161192-6001192,0616740,CA-0161192,KG,06,Treeview Elementary,Hayward Unified,Alameda County,30565 Treeview St.,Hayward,CA,94544,7458,(510)723-3925,12,City: Midsize,No,No,Yes,Yes,500.00000,19.00000,26.3000000,308.00000,35.00000
060008410731,CA-0174005-0195016,0600084,CA-0174005,09,12,Tri-Valley ROP,Tri-Valley ROP,Alameda County,1040 Florence Rd.,Livermore,CA,94551,5543,(925)455-4800,23,Suburb: Small,No,–,†,†,0.00000,–,†,–,–
061674008146,CA-0161192-6104566,0616740,CA-0161192,KG,06,Tyrrell Elementary,Hayward Unified,Alameda County,27000 Tyrrell Ave.,Hayward,CA,94540,0001,(510)723-3935,12,City: Midsize,No,No,Yes,Yes,716.00000,28.00000,25.6000000,528.00000,40.00000
062805011909,CA-0161259-0112763,0628050,CA-0161259,06,08,United for Success Academy,Oakland Unified,Alameda County,2101 35th Ave.,Oakland,CA,94601,3124,(510)535-3880,11,City: Large,No,No,Yes,Yes,359.00000,22.10000,16.2000000,331.00000,11.00000
062805008680,CA-0161259-6118657,0628050,CA-0161259,06,08,Urban Promise Academy,Oakland Unified,Alameda County,3031 E. 18th St.,Oakland,CA,94601,2457,(510)436-3636,11,City: Large,No,No,Yes,Yes,372.00000,19.30000,19.3000000,336.00000,21.00000
061440001688,CA-0161176-6000830,0614400,CA-0161176,KG,06,Vallejo Mill Elementary,Fremont Unified,Alameda County,38569 Canyon Heights Dr.,Fremont,CA,94536,1899,(510)793-1441,21,Suburb: Large,No,No,Yes,No,542.00000,23.00000,23.6000000,132.00000,16.00000
060001909274,CA-0175093-0138453,0600019,CA-0175093,09,12,Valley High (Continuation),Dublin Unified,Alameda County,6901 York Dr.,Dublin,CA,94568,2100,(925)829-4322,21,Suburb: Large,No,No,Yes,No,56.00000,8.10000,6.9000000,25.00000,3.00000
060002009287,CA-0175101-6002349,0600020,CA-0175101,KG,05,Valley View Elementary,Pleasanton Unified,Alameda County,480 Adams Way,Pleasanton,CA,94566,7198,(925)426-4230,13,City: Small,No,No,Yes,No,645.00000,26.17000,24.6000000,132.00000,19.00000
060780000752,CA-0161150-6090484,0607800,CA-0161150,KG,05,Vannoy Elementary,Castro Valley Unified,Alameda County,PO Box 2146,Castro Valley,CA,94546,0146,(510)537-1832,21,Suburb: Large,No,No,No,†,434.00000,18.00000,24.1000000,42.00000,8.00000
060002009280,CA-0175101-0130252,0600020,CA-0175101,09,12,Village High,Pleasanton Unified,Alameda County,4645 Bernal Ave.,Pleasanton,CA,94566,7449,(925)426-4260,13,City: Small,No,No,Yes,No,109.00000,12.30000,8.9000000,28.00000,1.00000
062211008877,CA-0161200-0130393,0622110,CA-0161200,01,12,Vineyard Alternative,Livermore Valley Joint Unified,Alameda County,1401 Almond Ave.,Livermore,CA,94550,5043,(925)606-4722,23,Suburb: Small,No,No,Yes,No,133.00000,13.55000,9.8000000,31.00000,0.00000
060002009290,CA-0175101-6089361,0600020,CA-0175101,KG,05,Vintage Hills Elementary,Pleasanton Unified,Alameda County,1125 Concord St.,Pleasanton,CA,94566,7236,(925)426-4240,13,City: Small,No,No,No,†,634.00000,25.40000,25.0000000,30.00000,4.00000
061440009369,CA-0161176-0130435,0614400,CA-0161176,07,12,Vista Alternative,Fremont Unified,Alameda County,4455 Seneca Park Ave.,Fremont,CA,94538,4028,(510)657-7028,21,Suburb: Large,No,No,Yes,Yes,25.00000,3.00000,8.3000000,9.00000,0.00000
060002009288,CA-0175101-6002356,0600020,CA-0175101,KG,05,Walnut Grove Elementary,Pleasanton Unified,Alameda County,1999 Harvest Rd.,Pleasanton,CA,94566,5499,(925)426-4250,13,City: Small,No,No,No,†,728.00000,27.00000,27.0000000,26.00000,1.00000
061440001690,CA-0161176-6000848,0614400,CA-0161176,03,06,Warm Springs Elementary,Fremont Unified,Alameda County,47370 Warm Springs Blvd.,Fremont,CA,94539,7458,(510)656-1611,21,Suburb: Large,No,No,No,†,1073.00000,37.00000,29.0000000,47.00000,5.00000
061440001691,CA-0161176-6089619,0614400,CA-0161176,KG,06,Warwick Elementary,Fremont Unified,Alameda County,3375 Warwick Rd.,Fremont,CA,94555,2499,(510)793-8660,21,Suburb: Large,No,No,No,†,910.00000,34.00000,26.8000000,133.00000,17.00000
060474000452,CA-0161143-6090328,0604740,CA-0161143,KG,05,Washington Elementary,Berkeley Unified,Alameda County,2300 MLK Jr. Way,Berkeley,CA,94704,1412,(510)644-6310,12,City: Midsize,No,No,Yes,Yes,500.00000,23.54000,21.2000000,131.00000,26.00000
063468005843,CA-0161291-6002455,0634680,CA-0161291,KG,05,Washington Elementary,San Leandro Unified,Alameda County,13701 Bancroft Ave.,San Leandro,CA,94578,,(510)618-4360,13,City: Small,No,No,Yes,Yes,382.00000,17.00000,22.5000000,246.00000,32.00000
061440001692,CA-0161176-0138693,0614400,CA-0161176,09,12,Washington High,Fremont Unified,Alameda County,38442 Fremont Blvd.,Fremont,CA,94536,6031,(510)505-7300,21,Suburb: Large,No,No,Yes,No,1940.00000,85.80000,22.6000000,432.00000,87.00000
063471008973,CA-0161309-6002703,0634710,CA-0161309,06,08,Washington Manor Middle,San Lorenzo Unified,Alameda County,1170 Fargo Ave.,San Leandro,CA,94579,1633,(510)317-5500,13,City: Small,No,No,Yes,No,764.00000,31.79000,24.0000000,344.00000,83.00000
060001909278,CA-0175093-6066484,0600019,CA-0175093,06,08,Wells Middle,Dublin Unified,Alameda County,6800 Penn Dr.,Dublin,CA,94568,2118,(925)828-6227,21,Suburb: Large,No,No,Yes,No,1029.00000,45.99000,22.4000000,156.00000,19.00000
062805012048,CA-0161259-0115626,0628050,CA-0161259,06,08,West Oakland Middle,Oakland Unified,Alameda County,991 14th St.,Oakland,CA,94607,3230,(510)874-6788,11,City: Large,No,No,Yes,Yes,202.00000,13.70000,14.7000000,187.00000,7.00000
062805004323,CA-0161259-6057095,0628050,CA-0161259,06,08,Westlake Middle,Oakland Unified,Alameda County,2629 Harrison St.,Oakland,CA,94612,3813,(510)879-2130,11,City: Large,No,No,Yes,Yes,360.00000,21.85000,16.5000000,289.00000,18.00000
062706013459,CA-0161234-0116301,0627060,CA-0161234,–,–,Whiteford (June) Special Education Preschool,Newark Unified,Alameda County,35725 Cedar Blvd.,Newark,CA,94560,1324,(510)818-3231,21,Suburb: Large,No,–,†,†,†,–,†,†,†
063033004733,CA-0161275-6002307,0630330,CA-0161275,KG,05,Wildwood Elementary,Piedmont City Unified,Alameda County,301 Wildwood Ave,Piedmont,CA,94611,3817,(510)594-2780,21,Suburb: Large,No,No,No,†,302.00000,12.00000,25.2000000,–,–
060177000057,CA-0161119-6090112,0601770,CA-0161119,06,08,Will C. Wood Middle,Alameda Unified,Alameda County,420 Grand St.,Alameda,CA,94501,5941,(510)748-4015,21,Suburb: Large,No,No,Yes,Yes,519.00000,25.48000,20.4000000,225.00000,32.00000
060474007267,CA-0161143-6056865,0604740,CA-0161143,06,08,Willard Middle,Berkeley Unified,Alameda County,2425 Stuart St.,Berkeley,CA,94705,1209,(510)644-6330,12,City: Midsize,No,No,Yes,Yes,634.00000,29.27000,21.7000000,214.00000,29.00000
060177000003,CA-0161119-6090120,0601770,CA-0161119,KG,05,William G. Paden Elementary,Alameda Unified,Alameda County,444 Central Ave.,Alameda,CA,94501,3615,(510)748-4014,21,Suburb: Large,No,No,Yes,Yes,374.00000,15.00000,24.9000000,155.00000,12.00000
061440001669,CA-0161176-6056923,0614400,CA-0161176,07,08,William Hopkins Junior High,Fremont Unified,Alameda County,600 Driscoll Rd.,Fremont,CA,94539,3803,(510)656-3500,21,Suburb: Large,No,No,No,†,1126.00000,46.60000,24.2000000,58.00000,14.00000
062211002636,CA-0161200-6001341,0622110,CA-0161200,06,08,William Mendenhall Middle,Livermore Valley Joint Unified,Alameda County,1701 El Padro Dr.,Livermore,CA,94550,6215,(925)606-4731,23,Suburb: Small,No,No,No,†,975.00000,38.97000,25.0000000,95.00000,12.00000
063468005844,CA-0161291-6002463,0634680,CA-0161291,KG,05,Wilson Elementary,San Leandro Unified,Alameda County,13701 Bancroft Ave.,San Leandro,CA,94578,,(510)618-4370,13,City: Small,No,No,Yes,Yes,722.00000,26.50000,27.2000000,430.00000,98.00000
061674002137,CA-0161192-6056972,0616740,CA-0161192,07,08,Winton Middle,Hayward Unified,Alameda County,PO Box 5000,Hayward,CA,94540,5000,(510)723-3140,12,City: Midsize,No,No,Yes,Yes,509.00000,22.22000,22.9000000,358.00000,46.00000
062805012611,CA-0161259-0121228,0628050,CA-0161259,12,12,Young Adult Program,Oakland Unified,Alameda County,1000 BRd.way Ste. 398,Oakland,CA,94607,2236,(510)879-2715,11,City: Large,No,No,No,†,82.00000,0.50000,164.0000000,7.00000,0.00000
061440013083,CA-0161176-0127233,0614400,CA-0161176,09,12,Young Adult Program,Fremont Unified,Alameda County,4210 Tech Dr.,Fremont,CA,94538,,(510)659-2542,21,Suburb: Large,No,No,No,†,40.00000,3.00000,13.3000000,3.00000,0.00000